City,Date,PM2.5,PM10,NO,NO2,NOx,NH3,CO,SO2,O3,AQI,AQI_Bucket
Chandigarh,2019-09-02,13.62,87.4,8.15,4.28,12.15,0.78,0.55,10.12,45.86,87.0,Satisfactory
Chandigarh,2019-09-03,27.93,95.68,9.72,4.71,14.19,0.88,0.79,9.36,30.18,93.0,Satisfactory
Chandigarh,2019-09-04,34.05,90.68,16.53,9.83,25.86,1.68,0.93,4.27,17.23,96.0,Satisfactory
Chandigarh,2019-09-05,34.32,59.99,11.03,4.9,16.06,1.11,0.58,14.1,26.81,77.0,Satisfactory
Chandigarh,2019-09-06,34.589999999999996,65.86,7.3,2.69,9.88,1.38,0.9,9.26,9.36,66.0,Satisfactory
Chandigarh,2019-09-07,34.86,91.04,10.35,3.73,14.09,1.7,0.78,10.48,16.77,84.0,Satisfactory
Chandigarh,2019-09-08,35.129999999999995,64.62,8.64,3.06,4.68,1.53,0.49,8.71,23.08,88.0,Satisfactory
Chandigarh,2019-09-09,35.4,89.94,6.5,2.63,8.91,1.06,0.67,9.52,40.5,90.0,Satisfactory
Chandigarh,2019-09-10,35.67,97.12,7.68,2.76,10.41,1.37,0.75,8.71,33.4,88.0,Satisfactory
Chandigarh,2019-09-11,35.94,122.52,7.93,3.08,11.04,1.34,0.75,8.51,34.62,107.0,Moderate
Chandigarh,2019-09-12,36.21,125.4,7.32,3.89,11.28,1.53,0.7,6.02,29.28,121.0,Moderate
Chandigarh,2019-09-13,36.48,62.29,8.23,5.34,10.71,1.09,0.49,7.76,26.61,90.0,Satisfactory
Chandigarh,2019-09-14,36.75,65.68,8.81,4.62,10.75,1.06,0.6,7.55,24.06,69.0,Satisfactory
Chandigarh,2019-09-15,37.02,72.54,7.44,2.62,9.98,1.25,0.55,10.1,31.07,68.0,Satisfactory
Chandigarh,2019-09-16,37.29,106.87,6.47,2.47,8.38,1.08,0.54,9.84,36.46,96.0,Satisfactory
Chandigarh,2019-09-17,37.56,119.42,6.87,2.77,9.65,1.17,0.64,10.68,41.84,102.0,Moderate
Chandigarh,2019-09-18,37.83,118.59,5.99,4.62,10.49,1.25,0.66,11.07,44.79,120.0,Moderate
Chandigarh,2019-09-19,38.1,61.67,7.61,3.3,10.9,1.37,0.65,14.74,26.14,88.0,Satisfactory
Chandigarh,2019-09-20,40.41,67.91,10.52,3.96,12.79,3.76,0.55,9.97,28.6,71.0,Satisfactory
Chandigarh,2019-09-21,27.21,62.04,8.6,7.2,10.64,5.9,0.53,9.63,34.72,69.0,Satisfactory
Chandigarh,2019-09-22,29.75,64.56,10.22,5.64,11.21,5.98,0.55,8.67,21.21,68.0,Satisfactory
Chandigarh,2019-09-23,18.35,49.86,9.53,4.55,10.1,5.94,0.51,8.83,27.24,59.0,Satisfactory
Chandigarh,2019-09-24,34.43,89.26,9.8,4.23,10.04,5.87,0.66,8.71,37.1,74.0,Satisfactory
Chandigarh,2019-09-25,33.66,105.3,10.94,6.56,11.8,5.97,0.73,8.19,21.1,102.0,Moderate
Chandigarh,2019-09-26,22.93,73.73,13.33,6.05,10.8,6.34,0.79,12.05,17.26,94.0,Satisfactory
Chandigarh,2019-09-27,16.0,57.51,18.72,5.25,17.25,6.51,0.83,12.05,24.57,80.0,Satisfactory
Chandigarh,2019-09-28,22.41,59.18,18.75,5.06,17.87,6.57,0.56,13.4,31.23,77.0,Satisfactory
Chandigarh,2019-09-29,13.93,49.87,12.76,3.31,7.67,6.1,0.5,14.95,16.21,48.0,Good
Chandigarh,2019-09-30,19.189999999999998,87.46,23.3,5.59,19.89,6.79,0.81,18.05,9.66,87.0,Satisfactory
Chandigarh,2019-10-01,24.45,49.4,27.37,5.3,24.85,7.27,0.85,16.05,12.58,68.0,Satisfactory
Chandigarh,2019-10-02,15.77,44.47,13.35,5.38,13.63,6.2,0.54,15.9,20.96,58.0,Satisfactory
Chandigarh,2019-10-03,29.59,71.0,10.47,7.86,12.9,6.24,0.71,16.42,19.05,58.0,Satisfactory
Chandigarh,2019-10-04,30.27,73.77,7.99,8.1,10.54,5.76,0.46,18.14,16.87,74.0,Satisfactory
Chandigarh,2019-10-05,25.9,77.68,9.62,4.75,10.27,5.9,0.44,15.09,17.33,72.0,Satisfactory
Chandigarh,2019-10-06,38.69,82.66,10.07,4.05,10.31,6.01,0.49,14.44,15.07,83.0,Satisfactory
Chandigarh,2019-10-07,53.09,112.6,8.63,5.0,9.58,5.96,0.51,11.35,17.72,94.0,Satisfactory
Chandigarh,2019-10-08,43.67,104.59,10.14,4.64,10.57,5.99,0.61,12.42,13.96,106.0,Moderate
Chandigarh,2019-10-09,53.12,120.09,17.13,5.73,16.77,6.57,0.85,13.54,16.92,108.0,Moderate
Chandigarh,2019-10-10,56.82,121.89,13.25,6.53,13.7,6.21,0.74,12.52,19.27,117.0,Moderate
Chandigarh,2019-10-11,50.45,106.22,13.64,6.51,14.27,6.27,0.74,10.38,11.03,107.0,Moderate
Chandigarh,2019-10-12,58.03,106.62,13.94,5.64,14.67,6.25,0.72,12.45,26.84,107.0,Moderate
Chandigarh,2019-10-13,57.61,112.63,15.52,4.3,14.77,6.21,0.71,11.66,19.64,98.0,Satisfactory
Chandigarh,2019-10-14,74.8,128.72,13.92,6.28,14.43,6.31,0.83,13.5,19.87,135.0,Moderate
Chandigarh,2019-10-15,73.44,135.12,16.48,6.34,16.6,6.47,0.95,12.4,15.35,138.0,Moderate
Chandigarh,2019-10-16,83.96,151.62,17.66,6.6,17.59,6.62,1.0,10.71,19.99,158.0,Moderate
Chandigarh,2019-10-17,80.65,133.85,16.88,7.57,17.78,6.95,0.88,10.2,22.35,187.0,Moderate
Chandigarh,2019-10-18,56.2,108.33,12.07,5.93,12.92,6.42,0.61,10.23,24.06,122.0,Moderate
Chandigarh,2019-10-19,51.84,109.52,14.08,5.48,14.22,6.49,0.62,11.54,18.3,110.0,Moderate
Chandigarh,2019-10-20,53.9,111.12,10.73,5.4,11.43,6.04,0.59,11.04,18.54,105.0,Moderate
Chandigarh,2019-10-21,53.79,117.94,11.51,5.22,11.97,6.14,0.54,10.41,19.03,111.0,Moderate
Chandigarh,2019-10-22,47.72,106.01,10.27,4.3,10.48,6.15,0.54,9.55,22.98,108.0,Moderate
Chandigarh,2019-10-23,46.9,108.1,18.05,5.96,17.37,6.75,0.73,10.67,16.13,104.0,Moderate
Chandigarh,2019-10-24,71.66,130.66,21.97,7.38,21.56,7.01,0.91,9.69,15.62,110.0,Moderate
Chandigarh,2019-10-25,92.3,159.18,17.22,7.59,17.86,6.61,0.99,10.21,17.21,190.0,Moderate
Chandigarh,2019-10-26,104.11,150.29,12.26,6.84,13.52,6.22,0.82,10.29,18.17,231.0,Poor
Chandigarh,2019-10-27,122.16,180.25,7.8,16.3,11.84,7.79,0.73,9.92,17.49,253.0,Poor
Chandigarh,2019-10-28,154.85,224.22,33.17,13.6,33.08,27.94,0.82,9.24,16.2,335.0,Very Poor
Chandigarh,2019-10-29,110.06,184.04,36.29,19.43,43.39,40.84,1.29,9.28,14.68,268.0,Poor
Chandigarh,2019-10-30,108.09,181.54,17.27,11.43,20.99,22.6,1.01,8.21,22.36,270.0,Poor
Chandigarh,2019-10-31,109.17,169.19,9.28,10.06,13.98,12.73,0.99,8.87,24.24,262.0,Poor
Chandigarh,2019-11-01,112.71,190.12,7.24,13.46,14.1,12.82,0.89,8.29,26.53,270.0,Poor
Chandigarh,2019-11-02,123.26,190.28,14.3,11.76,18.63,19.21,1.02,9.04,14.22,297.0,Poor
Chandigarh,2019-11-03,135.98,215.41,4.69,8.11,5.18,5.93,0.98,11.2,18.42,283.0,Poor
Chandigarh,2019-11-04,114.56,166.58,4.58,6.33,7.82,4.2,0.69,9.56,16.51,322.0,Very Poor
Chandigarh,2019-11-05,53.96,115.54,7.09,6.08,9.39,6.12,0.54,9.81,17.46,148.0,Moderate
Chandigarh,2019-11-06,58.85,125.5,15.47,7.78,13.85,17.58,1.02,11.69,9.64,117.0,Moderate
Chandigarh,2019-11-07,46.3,84.99,15.71,9.68,14.7,17.99,0.79,8.19,7.92,100.0,Satisfactory
Chandigarh,2019-11-08,45.3,72.48,38.26,8.67,35.9,7.29,0.74,9.2,9.4,82.0,Satisfactory
Chandigarh,2019-11-09,47.33,80.15,11.26,7.59,13.85,6.3914285714285715,0.61,10.8,10.68,81.0,Satisfactory
Chandigarh,2019-11-10,72.51,131.65,18.24,7.08,15.67,5.492857142857143,0.85,12.45,9.62,106.0,Moderate
Chandigarh,2019-11-11,103.38,157.59,14.31,10.07,9.72,4.594285714285714,0.84,9.4,13.19,198.0,Moderate
Chandigarh,2019-11-12,113.03,157.15,10.32,13.33,6.5,3.6957142857142857,0.79,10.7,11.25,270.0,Poor
Chandigarh,2019-11-13,101.59,165.89,33.46,21.83,31.03,2.797142857142857,0.99,10.81,7.64,270.0,Poor
Chandigarh,2019-11-14,101.15,173.66,30.76,20.56,25.88,1.8985714285714286,1.29,12.37,9.47,214.0,Poor
Chandigarh,2019-11-15,96.95,162.86,4.57,17.22,13.93,1.0,0.85,10.64,12.77,245.0,Poor
Chandigarh,2019-11-16,63.35,122.19,3.11,10.68,13.76,0.7,0.5,8.08,17.52,165.0,Moderate
Chandigarh,2019-11-17,42.54,70.69,3.11,9.85,12.88,0.65,0.42,9.32,17.13,94.0,Satisfactory
Chandigarh,2019-11-18,61.85,100.77,5.34,25.44,28.08,6.43,0.67,9.22,14.66,87.0,Satisfactory
Chandigarh,2019-11-19,85.34,154.54,4.536,23.764,26.16,7.061999999999999,1.07,10.57,11.05,136.0,Moderate
Chandigarh,2019-11-20,92.71,157.63,3.732,22.088,24.24,7.694,1.24,11.86,8.42,215.0,Poor
Chandigarh,2019-11-21,84.5,144.04,2.928,20.412,22.32,8.326,0.93,12.07,8.79,179.0,Moderate
Chandigarh,2019-11-22,116.3,199.37,2.124,18.735999999999997,20.4,8.958,0.87,10.74,6.22,246.0,Poor
Chandigarh,2019-11-23,84.1,125.61,1.32,17.06,18.48,9.59,0.53,9.45,8.15,256.0,Poor
Chandigarh,2019-11-24,44.9,76.48,2.6,18.03,20.07,5.0,0.45,10.79,8.99,107.0,Moderate
Chandigarh,2019-11-25,46.55,93.05,17.99,51.27,68.73,5.0,0.87,11.2,7.16,80.0,Satisfactory
Chandigarh,2019-11-26,61.28,138.26,16.84,48.98,66.05,5.0,0.84,9.71,4.22,111.0,Moderate
Chandigarh,2019-11-27,32.56,64.7,18.8,52.22,70.53,5.0,0.85,10.94,5.34,88.0,Satisfactory
Chandigarh,2019-11-28,42.0,74.34,28.32,29.43,51.8,5.0,0.85,10.01,5.92,100.0,Satisfactory
Chandigarh,2019-11-29,50.57,91.07,40.39,8.06,36.97,5.0,0.88,10.77,7.12,95.0,Satisfactory
Chandigarh,2019-11-30,55.52,105.75,27.53,10.22,27.17,5.0,0.77,10.78,8.14,92.0,Satisfactory
Chandigarh,2019-12-01,59.05,98.34,8.75,12.28,13.41,5.0,0.73,10.18,10.13,107.0,Moderate
Chandigarh,2019-12-02,78.39,120.04,11.61,11.11,14.88,5.0,0.61,8.67,11.23,122.0,Moderate
Chandigarh,2019-12-03,81.14,140.46,25.39,15.46,27.98,5.0,0.77,6.36,12.77,166.0,Moderate
Chandigarh,2019-12-04,91.88,171.84,59.58,13.5,52.75,24.2,1.3,9.59,12.55,199.0,Moderate
Chandigarh,2019-12-05,92.12,167.97,70.94,5.08,59.09,35.57,1.25,9.06,13.89,204.0,Poor
Chandigarh,2019-12-06,77.58,135.81,44.31,10.6,41.3,44.06,0.96,10.33,9.78,186.0,Moderate
Chandigarh,2019-12-07,69.8,133.11,43.97,12.89,42.09,49.26,1.0,10.46,8.77,139.0,Moderate
Chandigarh,2019-12-08,69.48,111.77,33.52,14.4,33.18,40.21,0.87,10.54,10.45,142.0,Moderate
Chandigarh,2019-12-09,97.55,196.46,29.9,21.94,34.45,36.14,0.92,11.4,8.56,157.0,Moderate
Chandigarh,2019-12-10,90.07,153.17,27.56,20.88,32.57,35.75,0.86,11.91,8.73,218.0,Poor
Chandigarh,2019-12-11,119.05,175.51,33.79,21.97,38.56,45.27,1.06,10.15,7.86,211.0,Poor
Chandigarh,2019-12-12,108.0,141.0,34.59,23.28,40.18,47.58,1.01,8.2,8.47,307.0,Very Poor
Chandigarh,2019-12-13,21.86,53.35,6.07,14.69,12.52,46.26,0.4,7.97,13.21,115.0,Moderate
Chandigarh,2019-12-14,39.0,70.49,8.42,14.96,14.58,57.1,0.48,10.16,4.84,44.0,Good
Chandigarh,2019-12-15,39.25,63.12,7.44,11.3,11.79,43.62,0.51,9.65,5.81,70.0,Satisfactory
Chandigarh,2019-12-16,41.79,77.26,7.23,10.15,11.16,31.34,0.53,6.58,3.7,69.0,Satisfactory
Chandigarh,2019-12-17,61.95,101.09,4.68,12.21,9.97,37.32,0.53,6.01,4.85,89.0,Satisfactory
Chandigarh,2019-12-18,49.36,82.55,6.34,11.18,10.87,33.79,0.62,5.7,3.93,95.0,Satisfactory
Chandigarh,2019-12-19,91.41,119.91,7.9,14.2,13.76,33.11,0.66,7.77,5.84,149.0,Moderate
Chandigarh,2019-12-20,98.48,132.54,8.48,14.95,14.25,42.05,0.8,8.64,8.29,204.0,Poor
Chandigarh,2019-12-21,68.55,119.96,5.88,11.44,10.79,40.98,0.8,5.95,8.99,199.0,Moderate
Chandigarh,2019-12-22,46.06,87.11,2.7,11.25,8.04,36.8,0.62,6.88,11.38,101.0,Moderate
Chandigarh,2019-12-23,41.79,83.61,6.97,12.09,11.87,40.76,0.66,6.83,8.97,80.0,Satisfactory
Chandigarh,2019-12-24,67.27,132.94,10.35,13.21,15.23,36.41,0.72,6.88,8.48,110.0,Moderate
Chandigarh,2019-12-25,35.08,65.55,3.48,9.79,7.92,26.09,0.49,5.65,9.85,96.0,Satisfactory
Chandigarh,2019-12-26,38.86,79.99,2.22,10.41,7.23,22.17,0.49,6.14,10.21,69.0,Satisfactory
Chandigarh,2019-12-27,61.39,131.32,3.7,14.23,10.0,25.4,0.58,4.76,6.78,97.0,Satisfactory
Chandigarh,2019-12-28,77.1,156.58,12.15,11.78,14.9,25.82,0.69,6.58,6.12,127.0,Moderate
Chandigarh,2019-12-29,58.68,99.91,11.84,12.41,16.18,24.38,0.77,5.62,9.04,149.0,Moderate
Chandigarh,2019-12-30,72.34,140.37,38.14,16.28,36.66,26.86,1.04,6.59,6.52,102.0,Moderate
Chandigarh,2019-12-31,77.06,145.42,49.23,14.74,48.79,24.95,1.24,7.27,6.62,206.0,Poor
Chandigarh,2020-01-01,63.22,135.76,46.81,15.96,45.21,24.73,1.11,7.79,8.1,132.0,Moderate
Chandigarh,2020-01-02,45.65,102.2,40.57,13.18,39.43,29.29,0.97,8.9,22.51,109.0,Moderate
Chandigarh,2020-01-03,45.79,94.86,36.01,11.14,34.87,46.37,0.93,11.32,14.29,102.0,Moderate
Chandigarh,2020-01-04,53.46,108.55,23.92,13.16,26.12,45.85,0.84,9.13,9.92,100.0,Satisfactory
Chandigarh,2020-01-05,51.15,106.42,6.6,13.63,12.1,35.98,0.64,8.39,9.66,109.0,Moderate
Chandigarh,2020-01-06,37.92,65.35,10.22,12.04,14.32,38.35,0.57,9.79,6.99,85.0,Satisfactory
Chandigarh,2020-01-07,28.87,48.29,29.12,11.69,29.7,39.27,0.79,8.73,8.44,56.0,Satisfactory
Chandigarh,2020-01-08,31.92,43.82,18.41,9.94,19.91,38.98,0.61,7.9,10.9,48.0,Good
Chandigarh,2020-01-09,28.35,47.36,3.41,11.19,8.54,35.22,0.44,5.58,12.51,49.0,Good
Chandigarh,2020-01-10,27.82,63.04,7.97,11.61,12.46,33.56,0.5,6.0,10.61,58.0,Satisfactory
Chandigarh,2020-01-11,46.57,108.09,19.2,15.57,23.47,24.35,0.76,6.55,8.43,80.0,Satisfactory
Chandigarh,2020-01-12,75.8,165.63,17.43,17.6,23.12,24.83,0.92,9.83,6.26,123.0,Moderate
Chandigarh,2020-01-13,63.64,120.83,18.37,15.63,23.05,29.22,0.88,7.38,7.63,170.0,Moderate
Chandigarh,2020-01-14,39.14,73.4,13.13,9.24,15.17,33.17,0.69,6.7,8.2,88.0,Satisfactory
Chandigarh,2020-01-15,46.49,85.04,12.44,12.03,16.45,31.7,0.68,7.03,9.22,77.0,Satisfactory
Chandigarh,2020-01-16,40.07,79.2,7.15,11.91,11.96,29.08,0.67,6.47,8.12,80.0,Satisfactory
Chandigarh,2020-01-17,48.86,90.27,16.22,10.91,18.44,41.64,0.75,7.18,6.46,85.0,Satisfactory
Chandigarh,2020-01-18,58.57,134.0,18.14,11.8,20.29,47.37,0.69,8.39,8.28,110.0,Moderate
Chandigarh,2020-01-19,46.76,96.89,20.11,11.33,22.08,35.94,0.78,7.99,10.35,112.0,Moderate
Chandigarh,2020-01-20,54.78,127.45,27.83,13.64,29.01,42.26,0.96,6.46,8.95,93.0,Satisfactory
Chandigarh,2020-01-21,65.75,140.69,38.7,16.84,39.52,43.79,1.03,9.06,9.56,136.0,Moderate
Chandigarh,2020-01-22,41.75,93.67,18.17,12.43,21.1,48.99,0.73,7.32,6.54,112.0,Moderate
Chandigarh,2020-01-23,29.8,72.37,1.59,10.72,6.48,50.54,0.43,5.37,12.63,73.0,Satisfactory
Chandigarh,2020-01-24,27.35,82.96,1.26,13.16,7.67,48.75,0.54,5.84,14.54,75.0,Satisfactory
Chandigarh,2020-01-25,50.16,107.88,35.84,13.38,35.43,35.96,1.03,7.56,3.2,99.0,Satisfactory
Chandigarh,2020-01-26,63.05,108.46,29.72,14.09,31.22,32.77,0.9,8.11,11.11,117.0,Moderate
Chandigarh,2020-01-27,70.05,123.37,26.66,18.67,31.12,36.16,0.98,8.26,9.31,93.0,Satisfactory
Chandigarh,2020-01-28,40.04,89.37,15.87,17.71,21.46,70.87,0.64,7.53,10.27,142.0,Moderate
Chandigarh,2020-01-29,23.83,68.76,6.6,16.39,13.86,65.83,0.51,7.44,8.83,72.0,Satisfactory
Chandigarh,2020-01-30,26.33,65.41,4.78,11.56,9.73,52.34,0.46,5.88,9.77,76.0,Satisfactory
Chandigarh,2020-01-31,33.27,66.36,4.48,12.56,7.49,68.76,0.6,6.3,7.45,55.0,Satisfactory
Chandigarh,2020-02-01,46.01,85.01,3.21,15.01,5.53,79.53,0.82,7.97,12.24,95.0,Satisfactory
Chandigarh,2020-02-02,36.92,82.32,4.52,12.5,10.0,52.13,0.57,6.96,13.45,75.0,Satisfactory
Chandigarh,2020-02-03,45.69,115.3,17.36,14.34,20.79,48.4,0.76,7.01,10.43,95.0,Satisfactory
Chandigarh,2020-02-04,48.43,112.21,32.31,16.22,34.89,45.63,0.87,8.97,11.01,113.0,Moderate
Chandigarh,2020-02-05,44.5,85.81,1.37,11.9,7.21,41.06,0.5,7.05,13.06,98.0,Satisfactory
Chandigarh,2020-02-06,44.26,93.7,15.06,13.75,18.79,51.85,0.71,7.71,9.21,83.0,Satisfactory
Chandigarh,2020-02-07,52.11,95.92,29.84,17.65,28.07,52.94,0.82,9.1,9.83,102.0,Moderate
Chandigarh,2020-02-08,56.44,94.22,9.91,15.27,15.03,37.51,0.67,7.94,10.93,91.0,Satisfactory
Chandigarh,2020-02-09,58.61,103.76,23.06,19.65,28.42,24.01,0.82,10.03,9.18,101.0,Moderate
Chandigarh,2020-02-10,58.08,109.57,25.78,18.27,30.22,26.54,0.89,8.69,10.81,109.0,Moderate
Chandigarh,2020-02-11,55.99,118.21,18.39,17.75,24.25,34.43,0.85,8.71,11.89,109.0,Moderate
Chandigarh,2020-02-12,54.47,114.12,3.68,15.96,11.31,32.97,0.65,8.35,19.25,110.0,Moderate
Chandigarh,2020-02-13,45.96,94.73,1.7,14.52,8.96,33.61,0.59,9.29,17.07,102.0,Moderate
Chandigarh,2020-02-14,38.65,96.46,1.54,13.63,8.36,36.75,0.49,8.37,16.15,94.0,Satisfactory
Chandigarh,2020-02-15,38.73,92.66,1.43,14.94,8.94,36.5,0.56,9.09,17.84,94.0,Satisfactory
Chandigarh,2020-02-16,44.75,97.01,10.51,18.43,17.9,30.26,0.68,9.39,12.34,99.0,Satisfactory
Chandigarh,2020-02-17,37.34,84.86,6.64,17.18,14.42,29.55,0.61,8.07,15.63,88.0,Satisfactory
Chandigarh,2020-02-18,39.85,114.47,4.45,17.63,12.56,50.52,0.66,9.85,11.62,94.0,Satisfactory
Chandigarh,2020-02-19,49.94,140.48,29.86,23.78,36.57,47.46,1.0,8.79,12.05,124.0,Moderate
Chandigarh,2020-02-20,40.09,105.55,3.48,22.32,14.23,51.36,0.66,10.52,10.35,114.0,Moderate
Chandigarh,2020-02-21,17.74,36.33,5.72,19.61,14.1,51.13,0.58,11.11,8.22,72.0,Satisfactory
Chandigarh,2020-02-22,28.86,59.53,9.04,16.27,15.75,56.93,0.61,9.63,15.11,50.0,Good
Chandigarh,2020-02-23,26.21,65.46,11.93,16.68,18.18,54.07,0.67,10.0,15.54,64.0,Satisfactory
Chandigarh,2020-02-24,22.11,68.15,8.68,14.65,14.71,57.43,0.54,10.26,14.02,61.0,Satisfactory
Chandigarh,2020-02-25,31.08,78.66,8.84,17.82,16.43,53.71,0.65,11.05,13.07,78.0,Satisfactory
Chandigarh,2020-02-26,36.76,96.77,23.97,21.72,30.21,42.06,0.91,11.17,11.33,83.0,Satisfactory
Chandigarh,2020-02-27,55.33,122.12,20.93,22.96,28.95,44.13,1.03,11.55,10.96,112.0,Moderate
Chandigarh,2020-02-28,48.22,112.13,9.79,19.63,18.3,60.86,0.79,9.13,14.79,112.0,Moderate
Chandigarh,2020-02-29,24.21,56.88,12.13,19.64,19.59,59.45,0.63,8.1,13.73,86.0,Satisfactory
Chandigarh,2020-03-01,16.87,53.56,26.74,19.34,31.78,51.59,0.7,9.37,10.24,62.0,Satisfactory
Chandigarh,2020-03-02,32.21,75.25,21.81,19.91,27.96,51.7,0.72,11.08,9.32,66.0,Satisfactory
Chandigarh,2020-03-03,35.14,90.3,9.78,16.91,16.8,66.95,0.6,9.75,12.35,82.0,Satisfactory
Chandigarh,2020-03-04,35.6,101.85,14.24,21.84,22.8,68.95,0.77,10.94,12.72,97.0,Satisfactory
Chandigarh,2020-03-05,20.93,64.03,6.33,21.44,16.33,58.7,0.52,8.94,13.74,86.0,Satisfactory
Chandigarh,2020-03-06,13.67,38.03,4.61,17.43,12.82,58.92,0.4,7.91,11.92,49.0,Good
Chandigarh,2020-03-07,13.4,26.33,18.12,12.2,20.48,59.19,0.57,6.45,5.37,35.0,Good
Chandigarh,2020-03-08,22.56,46.29,26.85,14.69,29.63,55.11,0.66,8.51,12.53,62.0,Satisfactory
Chandigarh,2020-03-09,21.62,53.89,1.64,13.26,8.13,54.32,0.38,7.63,15.71,47.0,Good
Chandigarh,2020-03-10,29.78,76.2,7.71,18.13,15.51,64.07,0.6,9.69,12.53,69.0,Satisfactory
Chandigarh,2020-03-11,27.87,69.71,11.05,20.98,19.56,63.51,0.63,8.38,10.97,74.0,Satisfactory
Chandigarh,2020-03-12,19.08,38.09,7.16,19.73,15.69,69.07,0.54,8.23,15.5,49.0,Good
Chandigarh,2020-03-13,17.86,40.9,6.34,18.04,14.58,69.88,0.46,8.05,17.15,50.0,Good
Chandigarh,2020-03-14,9.63,23.2,4.21,12.29,9.75,69.21,0.38,10.93,16.26,29.0,Good
Chandigarh,2020-03-15,10.57,36.5,4.62,9.66,8.78,82.11,0.46,9.47,15.62,30.0,Good
Chandigarh,2020-03-16,21.2,70.76,3.76,9.14,7.39,87.95,0.47,10.27,12.37,56.0,Satisfactory
Chandigarh,2020-03-17,18.52,76.08,2.35,8.04,6.29,100.35,0.5,9.45,15.24,77.0,Satisfactory
Chandigarh,2020-03-18,20.51,82.33,1.72,8.72,5.92,79.79,0.56,9.75,15.7,79.0,Satisfactory
Chandigarh,2020-03-19,23.59,83.69,4.97,11.22,9.8,75.59,0.66,10.23,14.59,85.0,Satisfactory
Chandigarh,2020-03-20,24.17,78.67,9.26,12.79,14.12,75.77,0.76,14.03,14.31,79.0,Satisfactory
Chandigarh,2020-03-21,21.88,74.23,7.22,12.43,12.3,72.55,0.71,13.58,14.99,76.0,Satisfactory
Chandigarh,2020-03-22,18.63,42.79,4.03,9.7,8.37,60.29,0.53,11.7,14.6,62.0,Satisfactory
Chandigarh,2020-03-23,14.77,38.24,2.41,10.02,7.16,53.38,0.54,11.08,15.03,39.0,Good
Chandigarh,2020-03-24,16.69,34.29,2.07,9.91,6.82,50.69,0.5,11.95,13.7,36.0,Good
Chandigarh,2020-03-25,15.43,37.65,3.62,8.88,6.15,42.77,0.52,11.13,13.78,35.0,Good
Chandigarh,2020-03-26,13.28,40.33,1.85,8.79,6.07,41.23,0.5,10.54,12.43,39.0,Good
Chandigarh,2020-03-27,18.86,34.12,2.98,9.17,6.85,40.12,0.5,9.61,10.49,40.0,Good
Chandigarh,2020-03-28,7.73,15.78,1.67,9.4,6.25,34.53,0.38,9.64,14.02,26.0,Good
Chandigarh,2020-03-29,18.82,41.48,1.33,9.31,5.96,41.67,0.3,10.6,17.01,30.0,Good
Chandigarh,2020-03-30,12.34,29.51,1.55,10.05,6.48,48.87,0.38,9.61,17.27,38.0,Good
Chandigarh,2020-03-31,15.51,39.66,1.46,10.85,6.85,43.04,0.49,9.39,13.55,34.0,Good
Chandigarh,2020-04-01,12.25,26.47,2.32,10.86,7.53,39.2,0.4,10.8,14.86,32.0,Good
Chandigarh,2020-04-02,11.2,31.54,1.47,9.8,6.3,34.46,0.39,8.68,19.4,34.0,Good
Chandigarh,2020-04-03,11.91,22.03,1.53,11.26,7.14,32.8,0.39,7.84,19.39,33.0,Good
Chandigarh,2020-04-04,12.77,29.32,1.47,11.97,7.43,32.37,0.46,10.1,20.12,34.0,Good
Chandigarh,2020-04-05,15.43,34.61,2.15,13.07,8.54,33.74,0.54,10.4,17.37,35.0,Good
Chandigarh,2020-04-06,20.93,47.96,1.66,10.91,6.06,46.0,0.41,12.81,22.15,41.0,Good
Chandigarh,2020-04-07,11.46,40.6,0.98,9.63,5.81,49.62,0.38,7.77,20.86,45.0,Good
Chandigarh,2020-04-08,11.19,33.44,1.66,11.89,7.54,40.9,0.42,9.68,21.26,38.0,Good
Chandigarh,2020-04-09,10.0,24.49,2.22,12.34,8.22,39.61,0.5,9.6,19.04,35.0,Good
Chandigarh,2020-04-10,12.37,35.91,1.98,11.89,7.79,36.11,0.47,9.6,20.02,36.0,Good
Chandigarh,2020-04-11,14.16,42.72,2.58,11.66,8.18,34.48,0.53,10.29,22.93,42.0,Good
Chandigarh,2020-04-12,15.62,44.12,1.34,10.16,6.38,33.38,0.51,12.02,27.2,46.0,Good
Chandigarh,2020-04-13,19.73,44.85,1.68,10.72,6.95,31.33,0.54,9.92,26.65,45.0,Good
Chandigarh,2020-04-14,18.52,56.62,1.93,11.69,7.66,29.25,0.57,10.29,32.23,56.0,Satisfactory
Chandigarh,2020-04-15,22.97,82.04,1.34,11.23,6.94,23.31,0.49,10.92,38.63,71.0,Satisfactory
Chandigarh,2020-04-16,21.93,61.39,2.49,11.04,7.75,24.21,0.59,13.23,22.37,74.0,Satisfactory
Chandigarh,2020-04-17,16.51,55.98,1.78,11.17,7.43,29.6,0.51,11.25,28.71,56.0,Satisfactory
Chandigarh,2020-04-18,10.05,41.58,1.41,10.35,6.56,28.06,0.37,8.81,29.03,55.0,Satisfactory
Chandigarh,2020-04-19,6.86,22.51,2.12,10.47,7.17,28.76,0.41,8.56,26.86,39.0,Good
Chandigarh,2020-04-20,11.4,20.39,3.53,11.89,9.05,31.13,0.57,9.65,17.41,34.0,Good
Chandigarh,2020-04-21,12.87,32.33,3.78,13.35,9.8,46.36,0.47,13.26,20.84,37.0,Good
Chandigarh,2020-04-22,11.29,24.44,3.23,12.47,9.09,43.25,0.58,9.62,23.17,41.0,Good
Chandigarh,2020-04-23,16.05,35.61,3.05,12.3,8.83,34.79,0.59,10.74,30.31,50.0,Good
Chandigarh,2020-04-24,14.91,43.08,2.89,13.2,9.2,31.08,0.6,11.72,31.17,57.0,Satisfactory
Chandigarh,2020-04-25,17.25,60.12,2.01,11.93,7.88,28.7,0.57,13.36,38.25,63.0,Satisfactory
Chandigarh,2020-04-26,12.34,25.87,2.4,12.06,8.22,27.13,0.53,11.13,28.09,51.0,Satisfactory
Chandigarh,2020-04-27,10.3,21.14,2.82,12.76,8.9,27.6,0.53,11.83,23.89,35.0,Good
Chandigarh,2020-04-28,12.25,34.79,3.56,13.24,9.54,37.29,0.45,10.82,17.08,40.0,Good
Chandigarh,2020-04-29,14.57,40.93,2.7,12.76,8.84,49.89,0.59,13.77,24.1,40.0,Good
Chandigarh,2020-04-30,21.39,59.34,1.7,10.33,6.78,34.73,0.56,13.18,20.02,54.0,Satisfactory
Chandigarh,2020-05-01,22.24,62.94,2.63,11.59,8.18,30.38,0.54,14.28,35.76,60.0,Satisfactory
Chandigarh,2020-05-02,19.81,64.91,0.87,9.84,5.83,26.22,0.45,12.38,19.61,64.0,Satisfactory
Chandigarh,2020-05-03,17.98,46.16,1.37,8.65,5.62,27.53,0.45,8.91,28.81,66.0,Satisfactory
Chandigarh,2020-05-04,10.42,27.26,2.14,11.69,7.66,26.5,0.51,8.62,27.24,50.0,Good
Chandigarh,2020-05-05,17.99,49.93,5.65,13.03,10.22,30.81,0.48,12.12,47.91,52.0,Satisfactory
Chandigarh,2020-05-06,16.21,51.32,1.47,12.43,7.69,30.09,0.46,12.46,36.4,60.0,Satisfactory
Chandigarh,2020-05-07,13.54,50.6,2.44,12.5,8.47,25.12,0.59,12.11,30.3,56.0,Satisfactory
Chandigarh,2020-05-08,18.31,58.59,2.66,13.77,9.35,24.59,0.64,13.67,35.8,64.0,Satisfactory
Chandigarh,2020-05-09,23.0,68.68,1.84,13.92,8.79,26.61,0.61,13.91,34.83,74.0,Satisfactory
Chandigarh,2020-05-10,24.15,70.6,1.28,12.1,7.2,33.88,0.67,10.23,18.29,77.0,Satisfactory
Chandigarh,2020-05-11,16.39,32.19,2.15,13.19,8.4,30.1,0.51,10.11,34.39,92.0,Satisfactory
Chandigarh,2020-05-12,17.07,51.9,0.97,13.43,7.74,30.08,0.49,10.11,31.48,62.0,Satisfactory
Chandigarh,2020-05-13,34.57,80.7,2.32,16.16,10.29,35.92,0.71,13.26,21.28,66.0,Satisfactory
Chandigarh,2020-05-14,29.6,76.43,2.72,11.53,8.22,42.09,0.64,11.32,25.04,81.0,Satisfactory
Chandigarh,2020-05-15,12.35,44.33,2.09,11.65,7.66,43.37,0.41,9.11,33.0,63.0,Satisfactory
Chandigarh,2020-05-16,20.83,58.34,2.14,12.38,8.18,41.37,0.58,12.49,36.18,60.0,Satisfactory
Chandigarh,2020-05-17,22.99,55.25,2.75,14.01,9.53,33.61,0.62,14.73,33.99,64.0,Satisfactory
Chandigarh,2020-05-18,21.46,64.99,2.94,13.04,9.18,35.06,0.59,11.78,36.21,65.0,Satisfactory
Chandigarh,2020-05-19,16.47,46.79,4.27,15.7,11.67,46.44,0.48,10.49,35.86,66.0,Satisfactory
Chandigarh,2020-05-20,17.59,62.46,2.84,4.12,9.68,9.7,0.5,11.89,37.58,60.0,Satisfactory
Chandigarh,2020-05-21,29.03,114.38,3.1,3.97,10.41,17.87,0.6,14.87,38.8,82.0,Satisfactory
Chandigarh,2020-05-22,35.93,148.36,2.98,4.31,10.11,25.39,0.67,13.91,41.74,116.0,Moderate
Chandigarh,2020-05-23,35.26,115.35,2.99,4.15,9.9,25.6,0.56,12.99,50.61,130.0,Moderate
Chandigarh,2020-05-24,24.52,88.82,3.16,4.5,10.35,25.25,0.45,10.63,47.61,104.0,Moderate
Chandigarh,2020-05-25,26.31,79.69,2.96,4.43,9.78,24.84,0.45,14.61,45.71,91.0,Satisfactory
Chandigarh,2020-05-26,29.31,89.31,3.63,4.14,10.15,26.85,0.38,17.55,62.14,97.0,Satisfactory
Chandigarh,2020-05-27,19.09,94.4,4.36,5.67,10.72,30.73,0.38,16.16,57.07,107.0,Moderate
Chandigarh,2020-05-28,19.87,94.14,4.56,7.07,11.44,30.12,0.42,12.95,42.21,98.0,Satisfactory
Chandigarh,2020-05-29,11.88,44.34,3.83,6.59,10.57,29.9,0.55,11.69,29.66,77.0,Satisfactory
Chandigarh,2020-05-30,15.25,43.99,3.25,5.34,8.53,30.48,0.48,9.53,28.26,48.0,Good
Chandigarh,2020-05-31,16.6,31.15,3.11,5.43,8.27,31.62,0.68,9.95,18.6,46.0,Good
Chandigarh,2020-06-01,18.59,39.63,3.23,5.11,8.69,30.59,0.49,13.92,35.57,56.0,Satisfactory
Chandigarh,2020-06-02,18.36,49.0,4.36,5.02,8.3,32.86,0.32,11.65,28.53,57.0,Satisfactory
Chandigarh,2020-06-03,16.71,55.63,2.54,9.17,6.52,24.7,0.2,12.02,27.44,67.0,Satisfactory
Chandigarh,2020-06-04,14.48,42.99,1.49,10.16,6.46,33.3,0.2,11.58,34.95,72.0,Satisfactory
Chandigarh,2020-06-05,21.25,41.22,1.76,9.52,6.38,41.79,0.23,10.36,27.91,54.0,Satisfactory
Chandigarh,2020-06-06,22.07,34.31,2.2,8.37,6.1,41.78,0.29,13.94,27.05,50.0,Good
Chandigarh,2020-06-07,16.35,27.91,2.94,14.64,9.96,40.41,0.3,11.11,32.2,53.0,Satisfactory
Chandigarh,2020-06-08,21.12,44.53,3.72,14.96,10.35,42.23,0.3,12.61,33.96,61.0,Satisfactory
Chandigarh,2020-06-09,29.37,60.45,1.36,11.05,6.89,39.71,0.29,16.51,40.05,63.0,Satisfactory
Chandigarh,2020-06-10,24.53,69.69,1.92,12.04,7.65,35.08,0.32,10.59,34.92,72.0,Satisfactory
Chandigarh,2020-06-11,25.59,71.11,2.02,10.68,7.22,28.25,0.3,11.46,44.57,78.0,Satisfactory
Chandigarh,2020-06-12,33.92,84.64,0.61,8.16,4.75,25.72,0.31,14.37,56.51,87.0,Satisfactory
Chandigarh,2020-06-13,25.68,74.5,1.35,11.6,7.04,26.65,0.3,8.41,36.37,85.0,Satisfactory
Chandigarh,2020-06-14,21.72,54.51,3.07,8.43,6.82,24.39,0.3,12.65,37.23,71.0,Satisfactory
Chandigarh,2020-06-15,21.74,69.81,0.52,6.21,3.66,22.38,0.31,12.87,62.28,73.0,Satisfactory
Chandigarh,2020-06-16,21.2,55.75,3.68,11.63,8.93,28.18,0.3,13.31,53.87,73.0,Satisfactory
Chandigarh,2020-06-17,20.84,59.04,2.28,7.87,5.14,27.7,0.31,11.98,53.01,72.0,Satisfactory
Chandigarh,2020-06-18,28.75,72.21,0.69,8.61,4.82,28.94,0.31,8.31,49.32,72.0,Satisfactory
Chandigarh,2020-06-19,16.34,50.9,0.88,8.53,5.21,35.9,0.31,7.94,42.03,82.0,Satisfactory
Chandigarh,2020-06-20,23.97,69.58,1.36,9.83,6.07,49.79,0.3,7.64,32.07,58.0,Satisfactory
Chandigarh,2020-06-21,26.45,57.26,0.44,9.1,5.08,35.05,0.28,9.62,45.2,76.0,Satisfactory
Chandigarh,2020-06-22,21.69,44.88,1.02,9.25,5.03,28.91,0.3,14.34,43.95,61.0,Satisfactory
Chandigarh,2020-06-23,19.17,44.48,1.03,7.69,4.8,26.43,0.29,8.71,36.97,53.0,Satisfactory
Chandigarh,2020-06-24,16.79,29.54,2.71,8.58,6.59,26.44,0.3,8.3,22.17,38.0,Good
Chandigarh,2020-06-25,14.15,33.6,1.88,6.87,5.11,25.67,0.3,13.13,24.25,37.0,Good
Chandigarh,2020-06-26,31.84,64.54,0.92,7.4,4.62,29.16,0.31,10.19,43.26,68.0,Satisfactory
Chandigarh,2020-06-27,35.55,68.82,0.59,6.79,4.02,46.74,0.3,7.42,43.33,79.0,Satisfactory
Chandigarh,2020-06-28,39.42,82.24,0.67,7.21,4.31,44.84,0.29,13.08,45.54,73.0,Satisfactory
Chandigarh,2020-06-29,38.89,88.27,1.25,8.57,5.48,59.2,0.3,15.06,35.94,83.0,Satisfactory
Chandigarh,2020-06-30,20.28,45.56,1.0,7.36,4.62,47.19,0.3,12.3,35.69,71.0,Satisfactory
Chandigarh,2020-07-01,32.9,72.38,0.56,9.87,5.92,36.63,0.33,14.91,34.33,66.0,Satisfactory
Chandigarh,2020-07-02,33.9,70.98,3.0,11.2,8.26,43.25,0.34,6.98,35.01,71.0,Satisfactory
Chandigarh,2020-07-03,36.12,80.14,1.13,8.41,5.3,48.67,0.5,12.0,49.4,80.0,Satisfactory
Chandigarh,2020-07-04,19.4,44.8,1.17,7.6,4.9,45.82,0.5,11.49,30.57,46.0,Good
Chandigarh,2020-07-05,10.91,24.71,2.19,7.16,4.86,34.11,0.5,12.66,25.87,34.0,Good
Chandigarh,2020-07-06,16.73,45.08,3.44,7.05,5.37,29.22,0.49,11.51,26.41,45.0,Good
Chandigarh,2020-07-07,14.55,36.93,3.85,6.61,5.43,39.01,0.51,8.6,18.72,39.0,Good
Chandigarh,2020-07-08,6.85,15.55,6.0,9.53,9.67,36.03,0.4,7.64,14.29,36.0,Good
Chandigarh,2020-07-09,18.38,43.7,3.0,11.22,8.29,29.85,0.3,9.64,23.64,44.0,Good
Chandigarh,2020-07-10,23.54,54.96,2.96,8.43,6.8,31.96,0.3,7.3,26.94,55.0,Satisfactory
Chandigarh,2020-07-11,20.65,49.61,2.87,10.29,7.64,31.75,0.3,10.13,27.69,50.0,Good
Chandigarh,2020-07-12,11.15,33.4,2.01,8.34,5.35,27.37,0.3,12.23,22.47,33.0,Good
Chandigarh,2020-07-13,14.36,41.94,2.43,7.75,6.0,31.81,0.29,12.21,23.44,42.0,Good
Chandigarh,2020-07-14,20.3,52.42,2.9,11.59,8.29,44.92,0.3,9.86,24.13,52.0,Satisfactory
Chandigarh,2020-07-15,20.62,55.22,3.01,12.87,9.1,48.54,0.3,6.66,29.92,55.0,Satisfactory
Chandigarh,2020-07-16,21.45,47.15,4.34,12.11,9.79,45.11,0.3,6.31,20.0,47.0,Good
Chandigarh,2020-07-17,14.7,35.2,2.52,10.15,7.32,36.13,0.29,16.26,18.44,36.0,Good
Chandigarh,2020-07-18,23.27,40.5,3.13,10.1,7.77,33.25,0.27,6.31,19.43,40.0,Good
Chandigarh,2020-07-19,22.89,47.67,2.68,6.67,5.65,35.79,0.25,11.96,29.11,48.0,Good
Chandigarh,2020-07-20,20.7,38.32,1.96,9.97,6.78,43.13,0.35,10.83,26.8,43.0,Good
Chandigarh,2020-07-21,13.08,21.38,2.77,10.57,6.36,41.74,0.43,11.34,23.21,42.0,Good
Chandigarh,2020-07-22,20.59,42.45,4.06,10.74,8.89,36.45,0.45,12.43,15.99,42.0,Good
Chandigarh,2020-07-23,28.6,60.2,2.85,7.4,6.18,43.14,0.36,9.91,25.99,60.0,Satisfactory
Chandigarh,2020-07-24,16.43,35.97,1.95,8.66,6.09,33.74,0.39,10.86,29.38,36.0,Good
Chandigarh,2020-07-25,11.65,28.95,1.6,7.93,5.39,29.27,0.31,12.12,26.54,29.0,Good
Chandigarh,2020-07-26,13.36,28.86,1.22,6.94,4.35,28.07,0.23,10.85,27.25,29.0,Good
Chandigarh,2020-07-27,19.8,49.54,1.76,6.89,4.99,38.16,0.33,8.07,23.95,50.0,Good
Chandigarh,2020-07-28,22.07,49.81,0.9,6.32,4.0,32.86,0.35,9.44,35.12,50.0,Good
Chandigarh,2020-07-29,18.9,38.56,1.75,9.23,6.22,29.29,0.44,15.96,27.82,39.0,Good
Chandigarh,2020-07-30,10.38,21.91,2.85,9.71,7.43,33.27,0.48,10.34,16.72,33.0,Good
Chandigarh,2020-07-31,17.26,44.37,1.79,8.97,5.95,27.55,0.48,10.43,23.36,44.0,Good
Chandigarh,2020-08-01,16.96,32.51,2.15,8.56,6.16,25.57,0.44,6.52,16.54,33.0,Good
Chandigarh,2020-08-02,18.91,44.29,3.01,6.26,5.71,24.02,0.44,9.37,18.29,44.0,Good
Chandigarh,2020-08-03,35.13,75.22,2.13,7.75,5.76,30.43,0.53,8.25,22.32,75.0,Satisfactory
Chandigarh,2020-08-04,20.82,54.42,2.85,9.99,7.51,27.3,0.45,8.0,21.81,54.0,Satisfactory
Chandigarh,2020-08-05,17.2,39.71,3.3,9.89,7.75,28.24,0.5,5.01,11.26,40.0,Good
Chandigarh,2020-08-06,12.21,23.45,3.87,9.6,7.54,19.26,0.47,10.51,17.5,23.0,Good
Chandigarh,2020-08-07,10.15,23.31,2.31,8.73,6.43,18.16,0.37,9.01,18.0,23.0,Good
Chandigarh,2020-08-08,18.76,38.57,1.33,6.59,4.53,14.72,0.33,9.51,18.4,39.0,Good
Chandigarh,2020-08-09,18.84,43.33,0.78,8.99,5.07,18.69,0.47,6.68,13.89,43.0,Good
Chandigarh,2020-08-10,17.64,34.68,4.79,11.42,9.05,17.24,0.58,7.86,14.62,35.0,Good
Chandigarh,2020-08-11,21.12,45.77,3.78,9.12,7.84,21.52,0.48,9.32,16.81,46.0,Good
Chandigarh,2020-08-12,17.75,32.26,1.93,9.64,6.58,25.45,0.38,10.24,20.13,32.0,Good
Chandigarh,2020-08-13,13.02,33.96,3.97,10.98,8.93,19.56,0.41,6.97,12.82,34.0,Good
Chandigarh,2020-08-14,10.38,25.58,3.02,8.58,6.88,17.82,0.34,9.46,13.95,26.0,Good
Chandigarh,2020-08-15,15.21,28.8,2.59,7.73,6.11,18.16,0.42,7.85,14.7,29.0,Good
Chandigarh,2020-08-16,9.93,27.59,2.81,8.4,6.67,17.71,0.42,5.85,16.94,28.0,Good
Chandigarh,2020-08-17,13.07,31.52,3.13,10.18,7.82,14.88,0.46,8.95,11.16,32.0,Good
Chandigarh,2020-08-18,17.65,35.22,3.03,10.99,7.99,15.35,0.52,6.68,15.89,35.0,Good
Chandigarh,2020-08-19,15.77,30.95,3.4,11.54,8.77,24.05,0.49,6.39,9.4,31.0,Good
Chandigarh,2020-08-20,12.71,27.04,4.37,12.42,9.94,33.23,0.51,9.9,12.57,33.0,Good
Chandigarh,2020-08-21,7.65,22.71,10.17,11.0,13.89,30.44,0.6,10.66,3.97,30.0,Good
Chandigarh,2020-08-22,10.91,27.17,5.32,10.93,10.05,20.47,0.47,11.52,14.03,27.0,Good
Chandigarh,2020-08-23,9.03,20.39,2.28,8.82,6.44,14.26,0.45,9.77,14.08,20.0,Good
Chandigarh,2020-08-24,12.55,26.46,2.63,9.46,6.97,12.26,0.37,5.56,13.44,26.0,Good
Chandigarh,2020-08-25,11.3,26.91,4.97,10.0,8.18,23.910000000000004,0.44,10.71,13.08,27.0,Good
Chandigarh,2020-08-26,19.75,36.37,2.39,7.78,6.02,35.56,0.41,9.75,14.19,36.0,Good
Chandigarh,2020-08-27,17.18,36.36,5.41,11.47,10.3,39.46,0.63,9.24,10.88,39.0,Good
Chandigarh,2020-08-28,16.17,44.41,4.31,8.9,8.12,36.9,0.48,9.73,8.72,44.0,Good
Chandigarh,2020-08-29,18.98,38.9,1.97,7.82,5.69,35.84,0.45,11.34,18.87,39.0,Good
Chandigarh,2020-08-30,12.56,25.58,1.98,8.62,6.04,36.55,0.33,8.95,15.85,37.0,Good
Chandigarh,2020-08-31,8.13,20.01,2.47,8.2,6.26,36.17,0.28,5.93,22.49,36.0,Good
Chandigarh,2020-09-01,16.55,40.77,2.23,10.67,7.37,37.15,0.38,9.72,20.8,41.0,Good
Chandigarh,2020-09-02,14.79,41.11,1.74,10.61,6.95,36.63,0.38,9.29,23.5,41.0,Good
Chandigarh,2020-09-03,14.99,37.28,4.48,12.75,10.21,38.69,0.44,6.42,13.37,39.0,Good
Chandigarh,2020-09-04,11.87,34.75,3.34,9.48,6.99,35.49,0.37,4.61,15.23,35.0,Good
Chandigarh,2020-09-05,19.57,58.22,0.83,8.91,5.21,34.87,0.39,5.53,20.17,58.0,Satisfactory
Chandigarh,2020-09-06,20.0,50.24,1.08,8.17,5.07,34.16,0.37,4.68,17.34,50.0,Good
Chandigarh,2020-09-07,14.87,44.66,1.29,7.25,4.72,33.17,0.35,9.86,23.94,45.0,Good
Chandigarh,2020-09-08,18.84,46.23,1.53,7.33,4.33,33.33,0.34,7.34,27.08,46.0,Good
Chandigarh,2020-09-09,18.03,59.86,2.82,6.45,4.06,32.45,0.35,5.1,27.9,60.0,Satisfactory
Chandigarh,2020-09-10,29.14,77.66,2.39,6.47,3.63,32.38,0.41,5.95,31.31,78.0,Satisfactory
Chandigarh,2020-09-11,36.5,85.76,2.44,8.8,5.1,34.48,0.35,7.39,29.12,86.0,Satisfactory
Chandigarh,2020-09-12,33.65,82.28,1.63,6.22,3.17,31.95,0.41,7.47,31.13,82.0,Satisfactory
Chandigarh,2020-09-13,40.75,95.28,2.22,6.12,3.22,32.11,0.5,1.76,23.95,95.0,Satisfactory
Chandigarh,2020-09-14,38.03,95.58,4.31,5.04,4.19,31.06,0.4,4.05,27.33,96.0,Satisfactory
Chandigarh,2020-09-15,35.7,92.34,3.99,5.45,8.45,31.26,0.4,5.9,31.86,92.0,Satisfactory
Chandigarh,2020-09-16,40.18,104.0,3.14,5.39,8.29,31.38,0.42,4.07,35.01,104.0,Moderate
Chandigarh,2020-09-17,33.81,92.56,3.33,5.2,8.67,31.24,0.39,4.59,34.72,93.0,Satisfactory
Chandigarh,2020-09-18,35.97,88.16,3.4,5.39,8.31,31.42,0.38,3.06,38.82,88.0,Satisfactory
Chandigarh,2020-09-19,44.06,97.84,3.15,5.38,8.53,31.33,0.51,7.51,34.67,98.0,Satisfactory
Chandigarh,2020-09-20,36.99,95.22,3.16,5.34,8.69,31.27,0.41,3.53,39.19,95.0,Satisfactory
Chandigarh,2020-09-21,34.98,91.65,3.14,5.29,8.93,31.39,0.5,4.94,30.31,92.0,Satisfactory
Chandigarh,2020-09-22,27.1,68.14,3.13,5.08,8.63,31.14,0.58,3.31,19.17,68.0,Satisfactory
Chandigarh,2020-09-23,24.63,57.39,3.23,5.37,8.41,31.41,0.45,2.57,31.47,57.0,Satisfactory
Chandigarh,2020-09-24,27.86,58.67,3.24,5.21,8.71,31.22,0.59,5.65,28.68,59.0,Satisfactory
Chandigarh,2020-09-25,45.89,93.97,2.77,5.07,8.76,31.14,0.53,4.59,25.61,94.0,Satisfactory
Chandigarh,2020-09-26,48.1,106.35,1.48,11.96,11.42,37.85,0.46,5.42,27.08,106.0,Moderate
Chandigarh,2020-09-27,46.27,111.32,2.79,14.72,9.97,40.8,0.41,6.28,30.48,111.0,Moderate
Chandigarh,2020-09-28,46.26,115.53,3.01,13.87,9.67,39.88,0.34,7.33,36.53,116.0,Moderate
Chandigarh,2020-09-29,45.88,122.21,2.69,13.21,9.04,32.05,0.4,6.23,39.87,122.0,Moderate
Chandigarh,2020-09-30,41.11,118.86,2.03,15.26,9.51,38.34,0.34,5.07,43.74,119.0,Moderate
Chandigarh,2020-10-01,36.84,109.13,2.74,18.76,11.97,42.4,0.42,6.13,35.22,109.0,Moderate
Chandigarh,2020-10-02,32.99,100.51,3.49,19.84,13.16,39.15,0.39,6.18,39.21,101.0,Moderate
Chandigarh,2020-10-03,39.22,103.84,3.13,20.78,13.37,38.75,0.43,5.92,32.89,104.0,Moderate
Chandigarh,2020-10-04,35.01,99.64,3.2,17.7,11.84,36.17,0.39,4.43,42.76,100.0,Satisfactory
Chandigarh,2020-10-05,41.12,124.41,3.1,16.36,11.04,45.01,0.39,6.04,41.59,124.0,Moderate
Chandigarh,2020-10-06,41.54,119.37,3.05,18.66,12.14,55.63,0.48,7.06,42.08,119.0,Moderate
Chandigarh,2020-10-07,43.41,116.59,2.98,19.79,12.59,55.83,0.47,7.88,43.87,117.0,Moderate
Chandigarh,2020-10-08,47.81,125.74,2.76,19.36,12.31,57.32,0.53,8.95,43.36,126.0,Moderate
Chandigarh,2020-10-09,48.37,123.29,3.61,23.18,14.98,63.9,0.56,8.37,38.41,123.0,Moderate
Chandigarh,2020-10-10,43.43,118.79,2.45,20.85,12.83,61.56,0.51,8.59,40.97,119.0,Moderate
Chandigarh,2020-10-11,43.78,113.87,4.68,27.83,18.2,74.37,0.54,6.35,34.44,114.0,Moderate
Chandigarh,2020-10-12,41.01,116.85,7.59,33.04,23.44,84.54,0.74,9.88,38.17,117.0,Moderate
Chandigarh,2020-10-13,50.59,138.43,6.6,28.75,20.35,70.59,0.82,10.0,32.19,138.0,Moderate
Chandigarh,2020-10-14,62.78,148.68,3.95,22.34,14.82,54.06,0.7,15.9,38.57,149.0,Moderate
Chandigarh,2020-10-15,49.5,122.72,5.33,21.15,15.33,53.97,0.62,5.07,28.17,123.0,Moderate
Chandigarh,2020-10-16,55.35,125.0,9.74,28.95,23.07,78.38,0.87,4.88,27.64,125.0,Moderate
Chandigarh,2020-10-17,62.74,133.35,5.5,26.56,18.31,70.75,0.71,6.21,36.36,133.0,Moderate
Chandigarh,2020-10-18,51.22,111.33,2.84,22.9,14.27,57.43,0.55,5.51,36.88,111.0,Moderate
Chandigarh,2020-10-19,39.2,104.19,3.8,23.57,15.27,57.46,0.49,7.18,34.51,104.0,Moderate
Chandigarh,2020-10-20,45.09,101.4,9.8,33.87,25.72,76.05,0.56,6.65,32.82,101.0,Moderate
Chandigarh,2020-10-21,58.22,129.92,4.33,29.91,19.28,58.58,0.57,6.33,39.06,130.0,Moderate
Chandigarh,2020-10-22,48.76,109.33,10.9,35.34,27.1,69.53,0.62,6.5,25.82,109.0,Moderate
Chandigarh,2020-10-23,44.94,104.17,16.66,35.4,31.53,74.62,0.69,6.31,30.14,104.0,Moderate
Chandigarh,2020-10-24,58.0,128.9,14.03,36.99,30.61,77.29,0.78,8.27,30.62,129.0,Moderate
Chandigarh,2020-10-25,61.1,133.58,5.13,29.56,19.54,59.87,0.61,9.56,35.41,134.0,Moderate
Chandigarh,2020-10-26,56.98,134.5,6.46,27.51,19.63,58.17,0.57,8.92,31.04,134.0,Moderate
Chandigarh,2020-10-27,53.47,117.78,6.12,29.33,19.87,56.81,0.57,8.09,28.98,118.0,Moderate
Chandigarh,2020-10-28,63.0,151.02,26.3,41.8,42.34,90.4,0.82,11.67,23.35,151.0,Moderate
Chandigarh,2020-10-29,55.23,126.85,9.24,35.18,25.86,62.54,0.67,8.29,31.81,127.0,Moderate
Chandigarh,2020-10-30,52.45,125.74,7.67,32.01,22.7,61.32,0.68,8.77,25.97,126.0,Moderate
Chandigarh,2020-10-31,57.8,126.04,3.78,27.81,17.59,57.26,0.56,6.63,27.53,126.0,Moderate
Chandigarh,2020-11-01,61.68,142.95,5.48,31.5,20.36,60.36,0.71,7.65,29.03,143.0,Moderate
Chandigarh,2020-11-02,64.01,139.2,12.72,31.73,25.97,64.12,0.81,7.97,29.76,139.0,Moderate
Chandigarh,2020-11-03,79.97,173.75,24.0,40.63,40.42,85.75,1.09,15.29,29.44,174.0,Moderate
Chandigarh,2020-11-04,88.57,188.0,8.53,32.71,24.0,67.26,0.9,7.43,29.61,188.0,Moderate
Chandigarh,2020-11-05,77.12,157.97,13.26,33.96,28.3,67.95,0.8,10.08,24.01,158.0,Moderate
Chandigarh,2020-11-06,55.49,113.59,18.6,35.58,33.01,86.93,0.6,7.18,26.76,114.0,Moderate
Chandigarh,2020-11-07,51.97,119.53,12.97,33.97,26.21,72.58,0.63,8.39,25.26,120.0,Moderate
Chandigarh,2020-11-08,71.0,152.13,16.04,39.88,32.64,79.66,0.89,9.57,25.14,152.0,Moderate
Chandigarh,2020-11-09,65.11,144.03,15.18,35.95,29.96,74.3,0.81,8.65,26.27,144.0,Moderate
Chandigarh,2020-11-10,55.72,130.43,40.96,37.12,52.13,105.01,0.98,11.86,17.59,130.0,Moderate
Chandigarh,2020-11-11,63.84,158.35,33.77,41.2,48.33,113.11,0.94,8.22,23.86,158.0,Moderate
Chandigarh,2020-11-12,73.39,156.92,33.9,37.13,46.53,107.22,1.08,9.18,21.69,157.0,Moderate
Chandigarh,2020-11-13,71.46,145.48,16.42,30.69,29.29,76.33,0.78,5.88,25.53,145.0,Moderate
Chandigarh,2020-11-14,69.34,138.99,22.54,31.19,34.25,80.72,0.87,8.57,22.41,139.0,Moderate
Chandigarh,2020-11-15,64.87,133.43,7.27,26.07,19.85,74.6,0.52,8.91,34.19,133.0,Moderate
Chandigarh,2020-11-16,15.05,34.64,8.91,15.46,15.16,65.59,0.38,2.87,20.65,66.0,Satisfactory
Chandigarh,2020-11-17,21.88,58.08,11.44,18.21,18.89,71.82,0.45,3.9,18.24,72.0,Satisfactory
Chandigarh,2020-11-18,32.73,74.83,19.33,19.52,25.79,79.47,0.6,5.63,20.63,79.0,Satisfactory
Chandigarh,2020-11-19,45.49,97.01,10.15,21.59,19.32,65.65,0.56,6.81,28.67,97.0,Satisfactory
Chandigarh,2020-11-20,51.22,101.49,3.72,20.95,14.04,70.13,0.45,6.04,31.87,101.0,Moderate
Chandigarh,2020-11-21,39.8,79.7,1.99,26.73,15.53,60.37,0.43,6.47,35.47,80.0,Satisfactory
Chandigarh,2020-11-22,48.47,92.35,13.16,31.27,26.92,74.04,0.61,5.84,28.4,92.0,Satisfactory
Chandigarh,2020-11-23,65.53,123.79,37.27,39.53,50.42,107.59,0.9,17.56,14.32,124.0,Moderate
Chandigarh,2020-11-24,66.26,132.31,41.69,39.42,54.11,115.95,1.02,19.57,13.4,132.0,Moderate
Chandigarh,2020-11-25,60.14,113.14,18.86,38.99,35.72,96.53,0.66,9.21,8.81,113.0,Moderate
Chandigarh,2020-11-26,17.45,32.48,15.14,21.13,22.98,73.55,0.42,8.45,14.65,74.0,Satisfactory
Chandigarh,2020-11-27,22.91,52.02,7.6,24.37,18.93,66.16,0.38,7.23,19.59,66.0,Satisfactory
Chandigarh,2020-11-28,43.6,86.52,19.1,30.99,31.36,83.18,0.71,6.47,19.24,87.0,Satisfactory
Chandigarh,2020-11-29,77.84,142.68,22.68,33.29,35.25,91.47,0.97,9.27,19.62,143.0,Moderate
Chandigarh,2020-11-30,73.98,134.83,30.14,30.99,39.76,92.05,0.95,8.25,22.66,135.0,Moderate
Chandigarh,2020-12-01,75.8,153.06,43.09,33.97,52.86,111.38,1.13,12.79,12.38,153.0,Moderate
Chandigarh,2020-12-02,69.24,134.86,24.74,37.66,39.52,102.2,0.85,7.93,27.05,135.0,Moderate
Chandigarh,2020-12-03,68.51,138.6,44.17,43.31,57.58,112.01,1.27,10.09,19.88,139.0,Moderate
Chandigarh,2020-12-04,55.83,123.2,58.51,43.76,69.64,119.81,1.21,10.64,19.52,123.0,Moderate
Chandigarh,2020-12-05,43.81,99.46,39.84,43.84,54.99,100.68,0.85,8.71,17.23,101.0,Moderate
Chandigarh,2020-12-06,45.04,102.28,15.36,39.79,33.61,76.38,0.69,11.8,25.5,102.0,Moderate
Chandigarh,2020-12-07,57.94,120.95,5.88,32.92,21.8,64.0,0.63,8.29,29.23,121.0,Moderate
Chandigarh,2020-12-08,65.07,137.84,39.03,35.15,49.44,94.68,1.14,12.16,20.45,138.0,Moderate
Chandigarh,2020-12-09,67.1,129.79,15.43,31.55,29.22,71.76,0.62,8.02,18.13,130.0,Moderate
Chandigarh,2020-12-10,32.09,76.2,8.51,25.38,19.84,60.28,0.45,7.05,17.7,76.0,Satisfactory
Chandigarh,2020-12-11,48.37,109.21,54.91,43.18,66.05,113.13,1.11,13.57,15.4,113.0,Moderate
Chandigarh,2020-12-12,51.55,100.92,29.41,28.46,38.55,84.85,0.79,8.89,20.3,101.0,Moderate
Chandigarh,2020-12-13,36.08,65.03,4.05,18.81,13.23,52.07,0.37,5.02,13.66,65.0,Satisfactory
Chandigarh,2020-12-14,42.56,76.86,0.77,17.58,9.81,50.3,0.37,6.09,16.38,77.0,Satisfactory
Chandigarh,2020-12-15,43.28,78.64,2.11,22.84,13.54,54.16,0.49,5.18,16.54,79.0,Satisfactory
Chandigarh,2020-12-16,33.99,64.47,1.59,21.15,12.35,51.82,0.43,5.22,16.11,64.0,Satisfactory
Chandigarh,2020-12-17,45.63,88.94,0.81,20.58,11.38,52.13,0.48,5.45,19.64,89.0,Satisfactory
Chandigarh,2020-12-18,46.98,94.71,0.97,24.98,13.58,54.21,0.52,5.53,27.89,95.0,Satisfactory
Chandigarh,2020-12-19,49.01,103.08,1.57,27.59,15.25,56.29,0.53,6.76,29.84,103.0,Moderate
Chandigarh,2020-12-20,69.44,134.2,12.15,35.98,27.87,76.33,0.74,7.41,23.84,134.0,Moderate
Chandigarh,2020-12-21,94.87,184.0,71.4,42.73,75.79,130.54,1.58,10.1,20.43,184.0,Moderate
Chandigarh,2020-12-22,91.99,167.88,51.79,39.66,58.92,110.33,1.26,7.89,21.23,168.0,Moderate
Chandigarh,2020-12-23,77.41,153.27,32.87,36.09,40.71,89.55,0.98,8.16,22.72,153.0,Moderate
Chandigarh,2020-12-24,57.7,120.38,26.06,28.31,35.55,77.87,0.85,6.54,13.3,120.0,Moderate
Chandigarh,2020-12-25,63.86,120.41,20.29,41.64,38.07,73.98,0.81,7.86,21.01,120.0,Moderate
Chandigarh,2020-12-26,70.67,143.04,33.88,37.46,47.01,80.1,1.08,6.04,16.37,143.0,Moderate
Chandigarh,2020-12-27,70.97,144.22,14.12,35.83,30.14,64.53,0.7,8.93,27.72,144.0,Moderate
Chandigarh,2020-12-28,56.89,120.99,9.65,28.78,22.65,57.94,0.51,4.12,15.19,121.0,Moderate
Chandigarh,2020-12-29,60.22,120.68,5.62,26.6,18.46,54.9,0.66,4.41,14.17,121.0,Moderate
Chandigarh,2020-12-30,52.89,102.56,8.43,30.61,22.64,61.2,0.83,4.28,8.74,103.0,Moderate
Chandigarh,2020-12-31,53.92,107.36,46.54,33.58,54.43,86.99,1.26,5.8,9.35,107.0,Moderate
Chandigarh,2021-01-01,109.88,208.16,71.18,53.35,85.12,119.3,1.66,10.78,10.85,208.0,Poor
Chandigarh,2021-01-02,95.63,173.15,74.29,53.8,83.14,103.91,1.6,7.42,4.87,173.0,Moderate
Chandigarh,2021-01-03,57.01,105.72,50.83,45.4,51.16,80.05,0.96,10.3,11.77,106.0,Moderate
Chandigarh,2021-01-04,43.61,101.28,50.04,41.66,61.7,90.09,0.96,11.89,10.12,101.0,Moderate
Chandigarh,2021-01-05,27.31,61.9,30.65,28.45,39.09,80.63,0.55,8.08,12.71,81.0,Satisfactory
Chandigarh,2021-01-06,20.42,42.62,15.24,21.46,23.84,58.67,0.5,6.14,13.38,59.0,Satisfactory
Chandigarh,2021-01-07,29.09,56.24,5.84,13.03,11.67,47.87,0.42,4.84,12.5,56.0,Satisfactory
Chandigarh,2021-01-08,42.41,80.76,7.5,19.25,16.14,49.61,0.51,6.12,18.88,81.0,Satisfactory
Chandigarh,2021-01-09,49.87,100.36,7.08,13.47,12.81,60.39,0.52,3.98,10.68,100.0,Satisfactory
Chandigarh,2021-01-10,43.4,78.06,2.75,6.72,5.72,58.54,0.47,3.06,10.86,78.0,Satisfactory
Chandigarh,2021-01-11,35.85,62.84,2.3,7.13,5.57,52.57,0.46,3.94,19.46,63.0,Satisfactory
Chandigarh,2021-01-12,34.63,71.01,42.59,10.66,38.85,62.56,0.81,3.61,12.08,71.0,Satisfactory
Chandigarh,2021-01-13,60.33,111.22,20.27,16.12,25.47,54.64,0.73,4.1,11.94,111.0,Moderate
Chandigarh,2021-01-14,85.33,157.72,22.41,24.4,30.66,56.85,0.98,6.76,12.81,158.0,Moderate
Chandigarh,2021-01-15,85.74,162.77,32.56,26.64,38.97,68.81,1.03,12.8,12.38,163.0,Moderate
Chandigarh,2021-01-16,56.51,103.91,8.21,9.94,12.59,38.75,0.8,4.1,6.35,104.0,Moderate
Chandigarh,2021-01-17,61.94,121.34,8.13,18.76,16.3,15.52,0.85,9.37,18.4,121.0,Moderate
Chandigarh,2021-01-18,70.35,140.04,38.33,22.69,36.93,34.59,1.16,9.16,13.84,140.0,Moderate
Chandigarh,2021-01-19,60.13,124.15,9.74,19.54,18.65,64.46,0.62,7.62,20.88,124.0,Moderate
Chandigarh,2021-01-20,64.83,121.1,3.55,17.26,12.01,68.93,0.81,5.57,23.92,121.0,Moderate
Chandigarh,2021-01-21,75.34,143.89,27.71,20.28,31.98,70.7,1.04,6.76,26.53,144.0,Moderate
Chandigarh,2021-01-22,83.08,155.51,17.83,30.78,30.66,66.14,0.82,11.06,18.38,156.0,Moderate
Chandigarh,2021-01-23,54.16,123.02,8.07,24.31,18.7,54.15,0.63,14.38,33.12,123.0,Moderate
Chandigarh,2021-01-24,75.9,139.16,5.82,14.5,12.63,54.68,0.78,5.78,12.58,139.0,Moderate
Chandigarh,2021-01-25,76.19,148.09,15.18,15.41,20.26,62.7,0.76,6.38,13.24,148.0,Moderate
Chandigarh,2021-01-26,57.82,115.25,23.31,14.63,25.68,63.05,0.73,5.46,18.15,115.0,Moderate
Chandigarh,2021-01-27,55.84,118.6,23.1,19.73,28.34,69.03,0.73,5.79,26.4,119.0,Moderate
Chandigarh,2021-01-28,77.56,153.84,37.4,18.06,39.14,76.74,1.08,5.88,19.68,154.0,Moderate
Chandigarh,2021-01-29,79.25,152.2,18.84,14.41,23.54,60.32,0.71,7.01,27.55,152.0,Moderate
Chandigarh,2021-01-30,56.96,122.86,3.72,16.3,11.49,48.73,0.59,7.57,43.43,123.0,Moderate
Chandigarh,2021-01-31,65.59,138.98,46.41,20.0,47.3,80.1,1.02,6.42,25.24,139.0,Moderate
Chandigarh,2021-02-01,62.02,130.17,20.16,19.88,26.56,64.05,0.7,6.78,24.63,130.0,Moderate
Chandigarh,2021-02-02,74.79,155.31,67.36,24.87,64.57,103.9,1.28,11.68,21.03,155.0,Moderate
Chandigarh,2021-02-03,80.15,165.64,40.83,25.16,44.54,87.57,0.89,10.91,27.75,166.0,Moderate
Chandigarh,2021-02-04,20.53,47.81,28.45,18.76,32.61,61.43,0.5,6.53,18.75,61.0,Satisfactory
Chandigarh,2021-02-05,17.07,47.75,17.39,14.71,21.72,48.41,0.42,7.77,18.54,48.0,Good
Chandigarh,2021-02-06,30.85,75.53,9.85,14.23,15.4,45.46,0.41,6.77,23.19,76.0,Satisfactory
Chandigarh,2021-02-07,37.49,87.83,11.83,17.24,18.41,48.79,0.56,6.29,28.94,88.0,Satisfactory
Chandigarh,2021-02-08,56.65,102.54,13.93,15.3,23.19,55.37,0.74,2.18,23.85,103.0,Moderate
Chandigarh,2021-02-09,74.34,216.46,43.65,24.83,46.29,77.13,1.19,7.85,21.32,216.0,Poor
Chandigarh,2021-02-10,66.45,126.51,25.43,19.63,30.62,63.82,0.8,7.03,23.09,127.0,Moderate
Chandigarh,2021-02-11,63.93,130.51,16.12,19.41,22.87,59.7,0.76,8.46,21.72,131.0,Moderate
Chandigarh,2021-02-12,73.65,138.47,15.45,24.23,25.18,64.9,0.91,8.66,17.78,138.0,Moderate
Chandigarh,2021-02-13,70.81,141.27,22.97,24.5,31.06,67.01,1.04,7.54,14.65,141.0,Moderate
Chandigarh,2021-02-14,76.07,143.52,18.54,21.84,26.08,60.44,0.85,8.24,26.24,144.0,Moderate
Chandigarh,2021-02-15,73.16,145.97,41.48,25.59,46.26,74.05,1.06,14.91,21.87,146.0,Moderate
Chandigarh,2021-02-16,60.26,127.26,21.17,25.55,30.2,59.34,0.63,11.28,23.59,127.0,Moderate
Chandigarh,2021-02-17,41.04,111.15,27.02,27.79,36.46,62.27,0.44,8.13,18.53,111.0,Moderate
Chandigarh,2021-02-18,55.05,122.14,26.85,33.1,38.44,77.05,0.79,12.38,27.51,122.0,Moderate
Chandigarh,2021-02-19,72.22,144.33,23.58,24.51,31.66,67.39,0.75,9.76,22.6,144.0,Moderate
Chandigarh,2021-02-20,66.97,135.11,9.63,18.56,17.48,58.5,0.63,7.86,27.8,135.0,Moderate
Chandigarh,2021-02-21,73.89,139.09,5.01,12.47,10.47,55.05,0.62,7.43,32.68,139.0,Moderate
Chandigarh,2021-02-22,66.46,143.05,5.94,13.84,12.1,53.33,0.58,8.82,31.46,143.0,Moderate
Chandigarh,2021-02-23,71.56,169.1,26.08,23.32,32.89,70.91,0.83,13.42,27.07,169.0,Moderate
Chandigarh,2021-02-24,48.5,134.56,21.89,21.79,28.99,62.05,0.57,9.24,21.96,135.0,Moderate
Chandigarh,2021-02-25,30.93,122.2,21.34,27.2,31.41,77.03,0.43,10.3,21.55,122.0,Moderate
Chandigarh,2021-02-26,33.87,118.03,30.76,22.94,36.65,75.14,0.59,10.56,25.65,118.0,Moderate
Chandigarh,2021-02-27,22.14,66.03,15.46,23.52,24.55,67.94,0.34,9.07,23.74,68.0,Satisfactory
Chandigarh,2021-02-28,28.56,102.0,17.61,29.23,29.56,58.99,0.49,12.34,28.77,102.0,Moderate
Chandigarh,2021-03-01,32.3,107.75,11.63,24.25,22.18,58.99,0.41,9.58,34.22,108.0,Moderate
Chandigarh,2021-03-02,31.76,104.91,4.74,13.64,10.96,47.51,0.34,8.22,45.49,105.0,Moderate
Chandigarh,2021-03-03,28.63,92.8,6.97,22.12,16.8,50.36,0.47,8.25,42.13,93.0,Satisfactory
Chandigarh,2021-03-04,44.48,133.58,14.08,37.6,31.33,64.67,0.62,10.65,28.99,134.0,Moderate
Chandigarh,2021-03-05,33.93,119.12,4.26,20.17,14.16,55.57,0.33,9.74,38.65,119.0,Moderate
Chandigarh,2021-03-06,31.76,104.79,3.77,18.64,12.75,52.11,0.38,10.75,43.03,105.0,Moderate
Chandigarh,2021-03-07,22.27,105.0,4.75,19.09,13.88,50.22,0.24,10.88,29.57,105.0,Moderate
Chandigarh,2021-03-08,14.62,81.54,13.34,30.31,25.69,62.2,0.55,7.75,32.24,82.0,Satisfactory
Chandigarh,2021-03-09,19.32,104.59,13.49,30.95,26.72,64.88,0.53,9.05,30.59,105.0,Moderate
Chandigarh,2021-03-10,24.44,145.97,11.8,34.51,27.53,71.69,0.56,15.2,27.22,146.0,Moderate
Chandigarh,2021-03-11,11.37,118.02,27.34,32.67,39.22,73.06,0.61,10.99,25.52,118.0,Moderate
Chandigarh,2021-03-12,10.42,98.58,26.88,32.43,38.7,71.37,0.58,6.36,21.86,99.0,Satisfactory
Chandigarh,2021-03-13,8.84,68.45,8.01,20.67,17.32,54.67,0.27,8.59,23.23,68.0,Satisfactory
Chandigarh,2021-03-14,15.33,91.28,3.14,16.56,11.2,49.79,0.27,9.81,31.48,91.0,Satisfactory
Chandigarh,2021-03-15,13.49,109.09,2.59,13.12,8.92,48.78,0.26,9.54,30.53,109.0,Moderate
Chandigarh,2021-03-16,21.76,171.29,3.06,15.93,10.76,53.54,0.31,9.03,26.47,171.0,Moderate
Chandigarh,2021-03-17,21.13,228.62,4.68,17.32,12.77,52.18,0.3,10.09,27.15,229.0,Poor
Chandigarh,2021-03-18,25.11,218.15,7.65,20.96,17.09,55.31,0.36,13.19,24.17,218.0,Poor
Chandigarh,2021-03-19,27.22,189.81,10.62,24.64,21.39,62.13,0.43,21.14,28.14,190.0,Moderate
Chandigarh,2021-03-20,21.56,145.84,3.12,17.95,11.87,51.12,0.31,13.06,36.57,146.0,Moderate
Chandigarh,2021-03-21,25.39,147.55,20.33,29.23,31.78,70.72,0.62,15.57,25.71,148.0,Moderate
Chandigarh,2021-03-22,12.14,84.65,24.32,28.02,34.28,71.87,0.57,6.7,17.34,85.0,Satisfactory
Chandigarh,2021-03-23,11.51,97.54,30.72,25.33,37.87,73.38,0.56,8.94,12.91,98.0,Satisfactory
Chandigarh,2021-03-24,28.59,76.41,12.15,16.74,18.63,52.93,0.31,8.44,25.5,76.0,Satisfactory
Chandigarh,2021-03-25,24.21,67.44,2.93,13.02,9.12,44.98,0.31,9.91,32.43,67.0,Satisfactory
Chandigarh,2021-03-26,28.15,81.78,2.59,15.63,10.09,59.2,0.44,11.34,37.65,82.0,Satisfactory
Chandigarh,2021-03-27,36.33,97.77,9.7,26.35,21.5,70.0,0.66,10.93,34.29,98.0,Satisfactory
Chandigarh,2021-03-28,44.38,126.65,15.81,36.67,31.78,81.11,0.78,14.08,36.95,127.0,Moderate
Chandigarh,2021-03-29,53.96,148.73,9.1,32.41,24.18,73.91,0.74,13.93,44.44,149.0,Moderate
Chandigarh,2021-03-30,50.85,132.4,5.79,23.22,16.91,60.45,0.43,10.35,37.78,132.0,Moderate
Chandigarh,2021-03-31,42.14,114.75,2.36,13.97,9.21,45.43,0.33,11.16,43.19,115.0,Moderate
Chandigarh,2021-04-01,49.58,122.46,4.4,22.77,15.29,48.94,0.43,14.66,34.68,122.0,Moderate
Chandigarh,2021-04-02,55.16,112.82,12.35,32.68,26.61,59.8,0.58,13.9,31.45,113.0,Moderate
Chandigarh,2021-04-03,41.25,98.95,5.98,26.81,18.56,54.72,0.5,10.05,36.94,99.0,Satisfactory
Chandigarh,2021-04-04,53.92,104.87,3.1,24.13,15.19,55.46,0.52,16.92,40.97,105.0,Moderate
Chandigarh,2021-04-05,51.42,106.51,10.16,28.49,22.99,62.9,0.58,10.14,25.26,107.0,Moderate
Chandigarh,2021-04-06,67.3,185.46,19.41,45.1,39.54,76.98,0.78,13.01,23.62,185.0,Moderate
Chandigarh,2021-04-07,51.03,210.31,2.44,20.08,12.44,60.54,0.39,8.77,35.86,210.0,Poor
Chandigarh,2021-04-08,42.33,72.55,2.71,22.72,14.03,53.13,0.44,11.81,36.47,73.0,Satisfactory
Chandigarh,2021-04-09,40.51,70.9,4.13,23.41,15.53,43.74,0.38,16.38,38.66,71.0,Satisfactory
Chandigarh,2021-04-10,39.36,73.42,7.34,30.64,21.87,49.66,0.49,14.38,35.76,73.0,Satisfactory
Chandigarh,2021-04-11,44.13,89.8,2.77,26.37,16.04,51.03,0.42,19.36,37.22,90.0,Satisfactory
Chandigarh,2021-04-12,46.01,88.52,2.0,20.85,12.48,47.9,0.41,15.49,38.23,89.0,Satisfactory
Chandigarh,2021-04-13,40.98,89.65,1.4,21.22,11.92,55.41,0.36,16.41,37.83,90.0,Satisfactory
Chandigarh,2021-04-14,41.61,119.26,1.28,22.24,11.82,51.93,0.34,20.03,35.06,119.0,Moderate
Chandigarh,2021-04-15,30.71,110.34,2.46,23.68,13.56,55.5,0.29,18.26,38.35,110.0,Moderate
Chandigarh,2021-04-16,48.8,153.53,5.32,30.95,19.65,60.95,0.35,16.94,31.33,154.0,Moderate
Chandigarh,2021-04-17,20.05,67.54,1.08,16.64,8.76,55.17,0.13,13.3,39.28,68.0,Satisfactory
Chandigarh,2021-04-18,14.35,62.07,1.08,16.05,8.41,48.08,0.16,12.43,37.51,62.0,Satisfactory
Chandigarh,2021-04-19,13.65,60.62,1.85,20.35,11.32,40.89,0.21,13.71,38.25,61.0,Satisfactory
Chandigarh,2021-04-20,24.05,75.65,8.6,33.02,23.61,51.86,0.32,20.04,23.31,76.0,Satisfactory
Chandigarh,2021-04-21,8.14,33.5,0.84,13.0,6.66,48.89,0.13,12.55,33.23,49.0,Good
Chandigarh,2021-04-22,17.28,52.58,2.62,21.74,12.69,48.02,0.18,12.99,32.48,53.0,Satisfactory
Chandigarh,2021-04-23,8.01,28.79,2.78,23.19,13.52,47.79,0.24,10.55,26.01,48.0,Good
Chandigarh,2021-04-24,12.45,43.9,2.5,19.54,11.42,40.51,0.22,13.49,33.57,44.0,Good
Chandigarh,2021-04-25,18.35,63.35,1.87,26.26,14.38,42.25,0.28,14.84,36.03,63.0,Satisfactory
Chandigarh,2021-04-26,38.68,81.13,4.91,32.1,19.7,62.34,0.36,17.53,36.27,81.0,Satisfactory
Chandigarh,2021-04-27,46.79,81.66,5.79,32.37,20.74,60.55,0.42,18.33,33.95,82.0,Satisfactory
Chandigarh,2021-04-28,53.76,109.66,2.94,28.44,16.53,58.76,0.32,16.78,39.26,110.0,Moderate
Chandigarh,2021-04-29,62.13,114.39,5.56,35.22,21.94,55.62,0.32,18.45,34.21,114.0,Moderate
Chandigarh,2021-04-30,55.64,106.2,2.73,32.18,18.3,52.41,0.3,19.63,37.72,106.0,Moderate
Chandigarh,2021-05-01,85.62,227.29,1.28,23.74,12.55,49.03,0.23,22.76,40.14,227.0,Poor
Chandigarh,2021-05-02,58.0,112.43,1.24,22.55,12.02,46.4,0.27,20.83,45.2,112.0,Moderate
Chandigarh,2021-05-03,57.15,138.28,1.42,26.28,13.72,53.43,0.33,24.64,47.08,138.0,Moderate
Chandigarh,2021-05-04,51.83,112.45,1.22,22.78,12.19,66.98,0.26,14.28,42.02,112.0,Moderate
Chandigarh,2021-05-05,31.16,62.51,1.16,22.24,11.69,59.84,0.27,11.46,32.26,63.0,Satisfactory
Chandigarh,2021-05-06,37.44,93.32,0.8,23.09,11.95,70.71,0.26,12.16,36.07,93.0,Satisfactory
Chandigarh,2021-05-07,16.2,37.76,0.51,16.09,8.01,69.95,0.17,7.57,36.96,70.0,Satisfactory
Chandigarh,2021-05-08,20.16,46.96,1.15,21.69,11.35,48.88,0.25,8.42,39.41,49.0,Good
Chandigarh,2021-05-09,33.08,65.57,0.41,16.04,7.88,42.77,0.16,11.05,48.37,66.0,Satisfactory
Chandigarh,2021-05-10,24.52,63.6,1.74,30.82,16.57,51.41,0.35,13.25,35.71,64.0,Satisfactory
Chandigarh,2021-05-11,38.34,83.93,1.27,22.87,11.79,50.12,0.29,14.98,37.51,84.0,Satisfactory
Chandigarh,2021-05-12,39.01,82.34,5.08,31.8,19.41,81.52,0.41,14.71,29.33,82.0,Satisfactory
Chandigarh,2021-05-13,25.51,59.02,6.51,25.33,17.28,71.27,0.31,10.82,29.19,71.0,Satisfactory
Chandigarh,2021-05-14,16.47,37.41,2.49,21.98,12.29,51.42,0.18,10.29,38.86,51.0,Satisfactory
Chandigarh,2021-05-15,42.19,115.8,2.43,28.97,15.81,61.7,0.43,15.82,42.08,116.0,Moderate
Chandigarh,2021-05-16,43.49,113.87,1.58,20.99,11.1,52.09,0.23,13.39,43.16,114.0,Moderate
Chandigarh,2021-05-17,41.64,91.51,3.51,24.79,15.17,50.58,0.36,16.54,42.98,92.0,Satisfactory
Chandigarh,2021-05-18,42.0,114.58,1.98,25.12,13.5,72.83,0.44,27.34,37.55,115.0,Moderate
Chandigarh,2021-05-19,30.83,90.02,3.24,24.95,14.41,88.0,0.43,23.19,23.68,90.0,Satisfactory
Chandigarh,2021-05-20,32.65,82.91,1.58,15.23,8.04,77.35,0.38,13.72,32.79,83.0,Satisfactory
Chandigarh,2021-05-21,21.6,41.91,3.7,25.74,15.21,75.77,0.43,10.5,32.43,76.0,Satisfactory
Chandigarh,2021-05-22,22.32,55.15,1.58,17.41,9.13,57.02,0.31,11.54,42.07,57.0,Satisfactory
Chandigarh,2021-05-23,49.68,173.79,1.45,16.25,8.5,52.15,0.33,14.83,42.89,174.0,Moderate
Chandigarh,2021-05-24,29.69,85.32,1.38,14.17,7.31,40.63,0.31,13.62,42.24,85.0,Satisfactory
Chandigarh,2021-05-25,28.2,76.42,1.29,19.19,9.95,59.89,0.31,12.6,49.38,76.0,Satisfactory
Chandigarh,2021-05-26,32.67,77.45,2.18,23.3,13.03,55.15,0.39,15.04,47.34,77.0,Satisfactory
Chandigarh,2021-05-27,34.42,87.72,7.04,31.37,21.12,70.16,0.51,14.95,47.78,88.0,Satisfactory
Chandigarh,2021-05-28,41.46,91.7,2.41,22.26,12.6,104.93,0.46,13.5,40.5,105.0,Moderate
Chandigarh,2021-05-29,37.74,98.71,1.31,12.86,6.83,80.27,0.33,12.59,42.0,99.0,Satisfactory
Chandigarh,2021-05-30,34.96,64.79,52.98,16.58,50.72,142.26,0.24,11.86,37.34,142.0,Moderate
Chandigarh,2021-05-31,38.12,85.95,72.34,18.17,66.56,154.4,0.31,11.56,42.74,154.0,Moderate
Chandigarh,2021-06-01,18.83,32.56,44.33,17.94,44.24,118.92,0.35,10.15,37.07,119.0,Moderate
Chandigarh,2021-06-02,25.39,55.87,2.03,22.26,12.31,69.92,0.41,11.44,40.11,70.0,Satisfactory
Chandigarh,2021-06-03,32.25,60.75,1.73,21.81,11.77,66.16,0.36,15.23,36.47,66.0,Satisfactory
Chandigarh,2021-06-04,39.6,82.66,2.07,23.96,13.15,70.61,0.42,11.78,34.95,83.0,Satisfactory
Chandigarh,2021-06-05,33.73,72.23,2.46,27.74,15.65,75.9,0.47,11.3,36.31,76.0,Satisfactory
Chandigarh,2021-06-06,37.75,77.5,0.74,14.34,7.15,64.0,0.25,13.67,51.61,78.0,Satisfactory
Chandigarh,2021-06-07,37.81,90.52,1.53,23.26,12.31,69.34,0.43,13.16,48.28,91.0,Satisfactory
Chandigarh,2021-06-08,72.8,194.13,1.9,24.94,13.61,84.59,0.44,13.78,43.76,194.0,Moderate
Chandigarh,2021-06-09,75.6,200.21,9.9,34.75,25.17,129.5,0.64,13.34,45.3,200.0,Moderate
Chandigarh,2021-06-10,59.02,117.43,1.02,14.89,9.85,112.07,0.42,9.82,42.98,117.0,Moderate
Chandigarh,2021-06-11,37.96,67.73,1.0,17.68,11.24,102.28,0.41,10.44,48.34,102.0,Moderate
Chandigarh,2021-06-12,18.99,57.49,1.33,16.17,10.71,81.95,0.43,10.03,52.26,82.0,Satisfactory
Chandigarh,2021-06-13,10.35,26.78,1.34,15.36,10.26,74.54,0.41,8.39,44.99,75.0,Satisfactory
Chandigarh,2021-06-14,14.14,47.93,0.93,14.69,9.68,81.64,0.41,9.25,19.68,82.0,Satisfactory
Chandigarh,2021-06-15,24.66,88.78,0.65,15.49,9.87,74.55,0.4,10.79,25.11,89.0,Satisfactory
Chandigarh,2021-06-16,22.29,55.7,1.88,16.65,11.42,83.2,0.45,8.85,3.06,83.0,Satisfactory
Chandigarh,2021-06-17,20.58,64.86,4.65,22.06,16.25,84.28,0.53,9.13,32.66,84.0,Satisfactory
Chandigarh,2021-06-18,19.44,49.71,1.51,15.48,10.5,75.71,0.3,9.96,42.47,76.0,Satisfactory
Chandigarh,2021-06-19,17.73,33.34,1.4,14.65,9.99,67.35,0.32,10.76,22.63,67.0,Satisfactory
Chandigarh,2021-06-20,15.94,32.57,1.4,12.24,7.61,76.43,0.29,10.86,21.09,76.0,Satisfactory
Chandigarh,2021-06-21,18.01,45.91,1.8,11.96,6.7,69.22,0.32,11.25,27.22,69.0,Satisfactory
Chandigarh,2021-06-22,31.32,114.48,1.5,13.94,7.52,60.21,0.38,15.26,24.84,114.0,Moderate
Chandigarh,2021-06-23,46.87,119.12,4.43,25.98,16.18,70.99,0.57,16.28,27.94,119.0,Moderate
Chandigarh,2021-06-24,41.45,79.26,1.08,16.31,9.17,66.26,0.34,11.87,21.37,79.0,Satisfactory
Chandigarh,2021-06-25,38.44,110.38,0.53,16.15,8.72,66.77,0.46,13.73,63.4,110.0,Moderate
Chandigarh,2021-06-26,30.11,77.92,1.58,18.16,9.51,69.55,0.48,11.07,54.64,78.0,Satisfactory
Chandigarh,2021-06-27,30.54,73.11,2.15,16.7,8.9,78.34,0.5,9.19,53.98,78.0,Satisfactory
Chandigarh,2021-06-28,41.61,112.48,2.19,16.38,8.73,89.72,0.54,9.1,61.52,112.0,Moderate
Chandigarh,2021-06-29,61.71,189.6,2.16,16.31,8.64,86.12,0.59,8.85,68.48,190.0,Moderate
Chandigarh,2021-06-30,56.71,174.05,1.65,20.83,10.88,114.17,0.69,7.24,59.58,174.0,Moderate
Chandigarh,2021-07-01,75.05,233.78,1.79,21.16,11.19,109.65,0.69,7.02,41.02,234.0,Poor
Chandigarh,2021-07-02,80.96,221.11,2.02,24.56,13.18,96.2,0.66,6.61,44.93,221.0,Poor
Chandigarh,2021-07-03,42.03,130.4,1.59,14.54,7.49,86.04,0.46,6.85,53.57,130.0,Moderate
Chandigarh,2021-07-04,44.16,113.41,1.56,19.17,9.85,105.68,0.56,4.76,43.57,113.0,Moderate
Chandigarh,2021-07-05,60.14,157.36,1.2,14.21,7.05,110.53,0.55,5.69,42.21,157.0,Moderate
Chandigarh,2021-07-06,96.32,182.34,1.86,15.79,8.47,150.32,0.58,4.81,47.15,182.0,Moderate
Chandigarh,2021-07-07,96.6,173.82,2.32,12.2,6.86,121.38,0.6,5.98,52.75,174.0,Moderate
Chandigarh,2021-07-08,69.51,123.64,2.17,15.2,8.54,118.63,0.57,5.58,49.99,124.0,Moderate
Chandigarh,2021-07-09,36.49,72.45,2.03,15.05,8.68,100.15,0.64,8.54,49.38,100.0,Satisfactory
Chandigarh,2021-07-10,38.33,70.43,4.83,22.2,13.2,124.83,1.0,6.49,28.94,125.0,Moderate
Chandigarh,2021-07-11,24.42,47.23,1.64,16.34,6.78,87.28,0.55,6.2,25.13,87.0,Satisfactory
Chandigarh,2021-07-12,13.17,27.67,3.07,17.58,10.2,108.74,0.58,6.13,20.96,109.0,Moderate
Chandigarh,2021-07-13,10.09,20.7,4.66,16.24,10.83,106.06,0.54,6.52,10.03,106.0,Moderate
Chandigarh,2021-07-14,12.17,33.55,6.24,21.37,14.68,94.91,0.64,7.06,11.23,95.0,Satisfactory
Chandigarh,2021-07-15,24.76,52.6,5.02,23.18,14.83,91.61,0.69,7.32,12.94,92.0,Satisfactory
Chandigarh,2021-07-16,19.6,43.18,2.95,22.22,12.81,122.59,0.61,5.47,23.58,123.0,Moderate
Chandigarh,2021-07-17,34.63,77.17,2.48,18.27,10.6,162.89,0.7,4.81,29.7,163.0,Moderate
Chandigarh,2021-07-18,34.46,71.8,3.2,15.64,9.81,158.28,0.62,4.73,20.79,158.0,Moderate
Chandigarh,2021-07-19,11.05,18.63,5.66,16.6,12.24,154.82,0.57,4.5,16.24,155.0,Moderate
Chandigarh,2021-07-20,13.34,26.54,7.73,22.46,16.89,147.58,0.68,4.85,12.78,148.0,Moderate
Chandigarh,2021-07-21,14.56,35.84,5.31,18.42,12.94,138.63,0.58,3.6,19.18,139.0,Moderate
Chandigarh,2021-07-22,20.65,44.99,4.73,22.7,14.7,137.79,0.57,6.14,14.22,138.0,Moderate
Chandigarh,2021-07-23,13.56,33.0,5.13,21.74,15.27,154.7,0.7,4.54,12.76,155.0,Moderate
Chandigarh,2021-07-24,15.9,34.88,4.11,15.5,10.62,114.17,0.65,5.27,16.63,114.0,Moderate
Chandigarh,2021-07-25,17.95,40.32,17.66,11.94,18.81,121.25,0.66,5.06,13.93,121.0,Moderate
Chandigarh,2021-07-26,15.33,30.09,36.27,15.33,30.31,147.65,0.61,3.5,11.24,148.0,Moderate
Chandigarh,2021-07-27,26.32,61.24,4.02,17.8,10.35,116.98,0.59,5.72,14.74,117.0,Moderate
Chandigarh,2021-07-28,12.5,24.39,8.02,15.23,12.87,101.18,0.7,4.9,9.64,101.0,Moderate
Chandigarh,2021-07-29,18.08,36.94,7.07,18.98,14.27,99.95,0.76,7.09,9.78,100.0,Satisfactory
Chandigarh,2021-07-30,13.76,28.47,2.12,15.69,8.46,93.41,0.59,5.1,12.97,93.0,Satisfactory
Chandigarh,2021-07-31,9.38,22.3,3.72,13.91,8.81,88.04,0.6,4.64,9.76,88.0,Satisfactory
Chandigarh,2021-08-01,16.56,39.49,1.92,13.51,7.17,87.45,0.63,5.06,10.03,87.0,Satisfactory
Chandigarh,2021-08-02,20.53,47.87,7.62,20.61,15.42,98.98,0.77,4.47,6.39,99.0,Satisfactory
Chandigarh,2021-08-03,15.9,39.54,7.38,17.95,13.81,101.63,0.72,4.47,5.84,102.0,Moderate
Chandigarh,2021-08-04,18.86,44.17,13.32,26.98,23.37,107.31,0.88,5.31,7.6,107.0,Moderate
Chandigarh,2021-08-05,25.68,64.18,8.65,26.86,19.63,103.43,0.82,6.48,8.26,103.0,Moderate
Chandigarh,2021-08-06,19.41,48.74,2.95,17.97,11.2,112.85,0.68,5.94,17.37,113.0,Moderate
Chandigarh,2021-08-07,19.56,45.89,8.84,21.85,17.18,99.36,0.76,5.89,10.89,99.0,Satisfactory
Chandigarh,2021-08-08,16.2,32.85,12.83,18.83,18.66,96.67,0.83,5.74,12.62,97.0,Satisfactory
Chandigarh,2021-08-09,21.29,47.28,3.72,15.18,9.56,88.64,0.65,5.69,20.44,89.0,Satisfactory
Chandigarh,2021-08-10,36.09,83.06,2.39,12.59,7.07,81.53,0.6,5.66,22.08,83.0,Satisfactory
Chandigarh,2021-08-11,32.14,84.97,1.84,13.22,6.88,74.9,0.58,6.4,25.66,85.0,Satisfactory
Chandigarh,2021-08-12,42.89,97.05,2.5,18.65,10.33,97.38,0.63,5.26,20.87,97.0,Satisfactory
Chandigarh,2021-08-13,33.71,86.34,2.69,15.1,8.53,106.8,0.67,5.8,21.21,107.0,Moderate
Chandigarh,2021-08-14,29.54,73.17,4.82,17.78,11.93,102.08,0.77,5.39,17.47,102.0,Moderate
Chandigarh,2021-08-15,34.07,89.3,2.86,14.05,8.24,90.3,0.6,5.46,16.17,90.0,Satisfactory
